dsa_id,dsa_name,join_date,region_id,status
1,Tran Van Linh,1/29/25,1,Left
2,Pham Huu Giang,4/7/24,3,Left
3,Tran Phuong Chau,7/12/24,,Active
4,Huynh Ngoc Binh,10/10/23,3,Active
5,Nguyen Thi Khanh,5/31/22,1,Active
6,Pham Phuong Tung,1/31/22,1,Left
7,Nguyen Phuong Khanh,8/24/23,1,Active
8,Vo Ngoc Lan,10/30/23,,Active
9,Do Manh Linh,11/20/21,2,Active
10,Nguyen Minh Phat,8/2/24,3,Active
11,Bui Quang Giang,8/13/21,2,Left
12,Pham Thanh Dung,8/24/20,1,Left
13,Tran Ngoc Dung,12/8/21,3,Active
14,Bui Thanh Tung,9/8/21,3,Active
15,Hoang Van Phuc,5/20/24,1,Left
16,Vo Thi Ngoc,10/6/24,3,Active
17,Tran Phuong Mai,6/14/24,3,Active
18,Huynh Thanh Tuan,8/9/22,1,Active
19,Pham Thi Binh,8/21/21,3,Left
20,Pham Quang Chau,10/6/24,3,Active
21,Pham Thi Ngoc,8/6/20,3,Active
22,Hoang Tuan Nga,11/22/24,1,Left
23,Le Thanh Nga,4/10/21,2,Left
24,Pham Quang Chau,1/26/21,1,Active
25,Huynh Minh Trang,7/28/24,1,Left
26,Pham Minh Phuc,6/15/22,2,Left
27,Dang Quang Trang,12/8/23,3,Active
28,Pham Thanh Binh,6/21/22,2,Left
29,Pham Van Nam,6/9/22,3,Left
30,Dang Quang Chau,5/6/25,3,Active
31,Pham Manh Nam,3/30/21,1,Active
32,Pham Tuan Ngoc,1/30/24,1,Active
33,Do Minh Linh,12/22/24,1,Active
34,Le Huu Trang,4/3/22,1,Active
35,Vo Quang Tuan,9/7/24,3,Active
36,Dang Manh Ngoc,7/4/20,3,Left
37,Bui Huu Giang,11/3/22,3,Left
38,Vo Tuan Chau,4/11/22,2,Active
39,Nguyen Thi Giang,8/6/20,2,Left
40,Le Ngoc Tung,2/11/22,2,Active
41,Tran Ngoc Ngoc,10/18/24,3,Active
42,Huynh Tuan Son,9/16/23,3,Left
43,Hoang Phuong An,3/1/23,1,Left
44,Tran Phuong Linh,7/23/23,1,Active
45,Bui Thi Mai,10/30/24,3,Left
46,Dang Minh Phuc,2/9/21,1,Active
47,Nguyen Quang Son,3/15/22,1,Left
48,Le Phuong Dung,4/30/25,3,Left
49,Hoang Phuong Tung,2/29/24,3,Left
50,Pham Minh Nga,3/6/22,3,Active
51,Le Phuong Son,11/30/24,2,Left
52,Nguyen Manh Nam,8/29/23,1,Active
53,Do Van Dung,6/18/25,3,Left
54,Bui Quang Lan,1/9/22,1,Active
55,Nguyen Huu Tuan,7/15/21,2,Left
56,Tran Thi Quyen,10/24/23,2,Active
57,Tran Phuong Giang,6/22/23,2,Left
58,Le Tuan Trang,6/17/21,3,Active
59,Le Quang Son,1/29/22,3,Left
60,Huynh Ngoc Khanh,12/17/20,1,Active
61,Vo Huu Mai,9/25/24,1,Left
62,Dang Thanh Phuc,4/7/25,3,Left
63,Vo Tuan Dung,2/5/21,3,Active
64,Pham Huu Chau,4/26/22,3,Left
65,Bui Van Tuan,9/29/24,3,Active
66,Vo Huu Tuan,12/2/24,3,Left
67,Pham Van Chau,10/10/20,1,Active
68,Nguyen Huu Chau,6/19/20,2,Left
69,Nguyen Thanh Chau,7/10/22,3,Active
70,Vo Huu Linh,12/18/22,3,Active
71,Do Huu Trang,4/14/25,3,Active
72,Le Manh Tuan,2/16/21,,Active
73,Do Huu Quyen,10/25/24,3,Active
74,Dang Huu Dung,3/30/23,,Left
75,Tran Ngoc Nga,12/11/23,3,Active
76,Dang Ngoc Phuc,4/28/21,3,Left
77,Nguyen Thi Binh,8/24/21,,Left
78,Dang Thanh Dung,3/29/22,2,Active
79,Pham Huu Khanh,3/31/22,2,Left
80,Vo Tuan Giang,4/24/23,,Left
81,Dang Minh Linh,10/16/20,2,Active
82,Do Huu Chau,8/27/21,,Left
83,Do Phuong Dung,8/16/21,3,Left
84,Nguyen Phuong An,12/12/23,1,Active
85,Tran Huu Hang,11/12/23,1,Active
86,Dang Tuan Quyen,3/10/23,1,Left
87,Pham Ngoc Binh,1/14/23,2,Left
88,Le Ngoc An,7/24/20,2,Active
89,Dang Quang Phuc,3/13/21,3,Active
90,Hoang Ngoc Trang,5/6/25,3,Active
91,Do Minh Khanh,4/17/23,2,Active
92,Hoang Huu Binh,5/26/24,3,Left
93,Huynh Phuong Binh,6/4/22,3,Left
94,Bui Van Binh,5/4/22,,Left
95,Huynh Tuan Son,2/28/25,1,Active
96,Vo Minh Binh,7/7/22,3,Left
97,Vo Thi Hang,9/3/23,3,Left
98,Tran Manh Chau,6/24/20,3,Active
99,Pham Ngoc Dung,9/24/21,3,Left
100,Huynh Huu Tuan,3/5/25,1,Active
101,Huynh Van Tung,10/15/24,2,Left
102,Tran Ngoc Tuan,3/11/24,3,Active
103,Huynh Phuong Nam,9/26/21,2,Left
104,Hoang Huu Nam,11/2/20,3,Active
105,Pham Quang Ngoc,4/25/23,2,Left
106,Le Quang Phuc,9/19/21,1,Left
107,Bui Thi An,4/8/24,3,Active
108,Do Manh Tuan,4/3/25,2,Active
109,Tran Thi Trang,2/19/21,3,Active
110,Pham Phuong Linh,5/31/25,3,Active
111,Le Thanh Chau,3/23/25,3,Active
112,Pham Thanh Mai,8/28/23,2,Active
113,Le Tuan Trang,12/20/20,1,Active
114,Hoang Manh Son,3/23/25,3,Left
115,Nguyen Phuong Mai,6/16/21,3,Left
116,Tran Minh Linh,4/22/25,,Left
117,Tran Thi Trang,10/19/23,3,Left
118,Le Quang Mai,6/26/21,1,Active
119,Huynh Huu Nam,4/25/21,1,Left
120,Pham Quang Son,3/23/21,3,Left
121,Do Quang Binh,6/26/23,2,Left
122,Tran Ngoc Linh,9/9/22,3,Active
123,Nguyen Van Nam,11/25/23,,Left
124,Le Quang Hang,1/25/23,3,Left
125,Do Phuong Phat,12/5/22,3,Active
126,Vo Van Dung,10/7/21,3,Left
127,Tran Minh Trang,5/29/21,1,Left
128,Nguyen Thanh Tuan,8/4/22,1,Active
129,Vo Minh Phat,10/18/21,3,Active
130,Le Van Mai,7/1/23,2,Left
131,Bui Van Nga,11/13/20,3,Left
132,Pham Huu Dung,6/24/22,3,Left
133,Bui Phuong Phat,7/10/21,2,Active
134,Huynh Minh Lan,10/6/20,1,Left
135,Le Minh Phat,10/21/23,3,Active
136,Nguyen Minh Nam,10/15/24,1,Left
137,Dang Huu Linh,10/1/21,3,Active
138,Le Thi Ngoc,10/7/24,2,Active
139,Nguyen Tuan Lan,6/17/23,1,Left
140,Pham Tuan Nga,3/13/22,1,Left
141,Hoang Huu Lan,8/12/22,2,Left
142,Nguyen Huu Ngoc,1/3/23,2,Left
143,Bui Quang Chau,4/6/21,3,Active
144,Hoang Thanh Son,4/3/22,3,Active
145,Dang Phuong Nam,4/19/23,1,Left
146,Nguyen Thi Linh,1/10/23,3,Left
147,Le Manh Linh,2/10/25,1,Active
148,Nguyen Thi Tung,11/2/21,3,Active
149,Dang Thanh Nam,12/23/24,2,Active
150,Dang Manh Son,9/11/23,3,Left
151,Tran Ngoc Tuan,10/24/23,3,Left
152,Pham Quang Binh,7/11/23,3,Left
153,Dang Van Son,4/22/22,2,Left
154,Vo Huu Nga,5/1/23,3,Active
155,Dang Thi Nam,5/10/21,2,Left
156,Huynh Thanh Dung,7/13/21,1,Left
157,Hoang Phuong Mai,5/18/25,3,Active
158,Dang Thanh Ngoc,5/8/23,2,Active
159,Hoang Phuong Giang,9/27/24,3,Active
160,Pham Ngoc Ngoc,12/24/24,2,Left
161,Le Manh Tuan,1/24/25,1,Left
162,Hoang Ngoc Trang,3/27/24,2,Active
163,Nguyen Quang Mai,3/2/24,2,Active
164,Pham Ngoc Tuan,6/1/24,2,Left
165,Huynh Thanh Phuc,1/9/24,1,Active
166,Do Tuan Khanh,8/31/22,3,Left
167,Vo Tuan Hang,9/15/21,,Left
168,Tran Quang Son,5/12/24,2,Left
169,Huynh Thanh Chau,4/1/21,3,Active
170,Pham Quang Lan,2/3/23,3,Active
171,Pham Minh An,11/27/21,3,Left
172,Nguyen Huu Quyen,6/19/24,3,Active
173,Huynh Thi Phuc,6/18/23,2,Left
174,Dang Manh Khanh,2/13/23,1,Left
175,Dang Tuan Ngoc,5/13/24,3,Active
176,Pham Minh An,2/17/25,2,Active
177,Tran Ngoc Lan,8/6/22,3,Left
178,Le Phuong Phuc,6/3/25,1,Active
179,Nguyen Phuong Lan,6/3/22,3,Left
180,Tran Tuan Giang,12/8/22,3,Left
181,Do Phuong Trang,1/31/24,3,Left
182,Huynh Thanh Phuc,9/26/23,2,Active
183,Huynh Phuong Phat,7/19/24,1,Left
184,Vo Tuan Hang,11/19/20,3,Left
185,Do Tuan Linh,4/28/24,2,Active
186,Pham Quang Son,5/2/24,2,Left
187,Do Huu Linh,8/6/24,3,Active
188,Do Thi Mai,1/23/23,2,Left
189,Pham Quang Nam,7/2/23,2,Left
190,Bui Phuong Chau,11/24/23,1,Left
191,Le Minh Lan,1/17/24,2,Active
192,Dang Minh Khanh,7/27/23,2,Active
193,Tran Ngoc Phat,10/16/24,1,Active
194,Bui Phuong Phuc,2/22/24,3,Active
195,Dang Van Khanh,4/19/24,3,Left
196,Dang Ngoc Tuan,5/17/23,3,Left
197,Nguyen Manh Ngoc,2/3/21,2,Active
198,Do Van Nga,4/18/25,3,Active
199,Hoang Ngoc Phat,1/26/24,3,Left
200,Vo Phuong Tung,9/4/23,2,Active
201,Pham Tuan Lan,4/9/24,3,Left
202,Hoang Ngoc Quyen,5/21/25,3,Left
203,Nguyen Ngoc Nam,8/2/21,3,Active
204,Dang Minh Phuc,11/4/22,3,Left
205,Le Manh Trang,3/4/24,3,Active
206,Nguyen Ngoc Tuan,10/28/20,2,Active
207,Huynh Van Chau,3/3/24,2,Left
208,Dang Minh Phuc,7/18/23,3,Active
209,Le Van Linh,10/29/21,3,Active
210,Dang Thanh Khanh,9/12/22,2,Left
211,Do Thanh Nam,6/9/23,3,Active
212,Dang Quang Phat,12/19/24,3,Left
213,Hoang Thi Quyen,7/15/21,3,Active
214,Nguyen Phuong Binh,9/12/21,3,Active
215,Bui Huu Chau,9/6/20,1,Left
216,Nguyen Van Lan,11/22/21,3,Left
217,Pham Van Tung,4/28/21,2,Active
218,Le Huu Giang,4/28/21,3,Left
219,Do Thi Tuan,3/19/25,1,Left
220,Pham Tuan Linh,11/30/23,,Left
221,Bui Minh Tung,10/20/23,3,Left
222,Huynh Thi Hang,7/5/22,1,Active
223,Hoang Thi Tuan,3/16/22,,Left
224,Nguyen Quang Tuan,4/3/21,1,Active
225,Dang Ngoc Khanh,3/12/23,3,Active
226,Tran Manh Lan,6/10/21,,Active
227,Tran Quang Tung,5/10/24,2,Left
228,Tran Manh Binh,1/21/25,1,Left
229,Bui Phuong Phat,5/29/23,1,Left
230,Bui Thi Son,8/2/21,3,Left
231,Bui Van Phat,7/27/22,3,Active
232,Do Thi Phat,12/21/23,1,Left
233,Bui Tuan Giang,10/12/24,1,Left
234,Dang Minh Son,9/12/23,3,Left
235,Hoang Manh Trang,10/31/24,1,Left
236,Do Tuan Phat,12/30/20,1,Active
237,Huynh Quang Nam,7/24/21,3,Active
238,Pham Thi Linh,4/24/21,3,Left
239,Do Huu Phuc,2/22/21,1,Active
240,Huynh Manh Ngoc,6/14/23,3,Left
241,Bui Van Quyen,10/6/24,3,Active
242,Bui Minh Quyen,3/26/24,3,Active
243,Pham Thanh Linh,5/1/22,2,Left
244,Bui Quang Tung,6/8/25,2,Active
245,Hoang Phuong An,8/29/23,1,Left
246,Vo Huu Chau,2/6/22,1,Active
247,Pham Ngoc Quyen,12/3/21,2,Active
248,Vo Huu Quyen,4/29/22,2,Left
249,Do Tuan An,4/17/25,2,Active
250,Tran Quang Lan,8/1/22,1,Left
251,Dang Huu Mai,3/21/23,3,Active
252,Huynh Thanh Quyen,5/27/25,3,Active
253,Vo Phuong Nga,2/12/21,2,Active
254,Dang Phuong Nam,5/25/23,3,Left
255,Bui Tuan Linh,7/8/20,1,Left
256,Hoang Quang Lan,11/12/20,,Left
257,Tran Huu Nam,11/17/23,1,Active
258,Tran Phuong Hang,11/30/20,3,Left
259,Pham Huu Quyen,9/18/24,3,Left
260,Hoang Manh Son,5/5/24,1,Active
261,Huynh Quang Dung,4/19/22,3,Active
262,Pham Quang Lan,6/9/24,3,Active
263,Bui Minh Mai,4/19/24,3,Active
264,Nguyen Phuong Giang,9/24/22,3,Left
265,Hoang Van Binh,8/23/24,1,Left
266,Vo Quang Giang,5/28/25,1,Active
267,Do Thi An,7/27/20,2,Active
268,Huynh Quang Quyen,1/31/23,3,Active
269,Do Tuan Nam,10/13/21,1,Left
270,Le Van Linh,1/14/24,3,Active
271,Do Thi Chau,8/19/22,3,Active
272,Dang Tuan Chau,10/22/24,3,Active
273,Huynh Van Giang,2/16/24,2,Left
274,Le Manh Mai,12/31/24,2,Active
275,Tran Huu Dung,8/9/23,3,Active
276,Vo Ngoc Tung,10/30/20,2,Left
277,Huynh Manh Lan,6/24/21,3,Active
278,Vo Ngoc Phuc,9/27/23,3,Left
279,Do Quang Tuan,1/14/25,,Active
280,Dang Quang Tuan,1/14/24,3,Active
281,Huynh Van Tung,9/1/22,1,Active
282,Tran Huu Khanh,7/14/22,3,Active
283,Hoang Thi Hang,8/22/23,3,Active
284,Pham Minh Trang,3/31/22,2,Left
285,Tran Minh An,10/8/22,2,Left
286,Dang Tuan Tung,12/13/22,3,Active
287,Do Quang Binh,6/2/24,3,Active
288,Pham Quang Mai,10/14/24,3,Active
289,Do Thi Lan,11/11/22,2,Left
290,Hoang Manh Khanh,9/6/21,3,Left
291,Dang Thi Trang,1/1/22,1,Left
292,Pham Minh Linh,4/17/22,3,Left
293,Le Thi Binh,9/24/20,3,Left
294,Le Quang Tung,5/13/21,3,Active
295,Huynh Quang Phuc,4/19/25,2,Active
296,Tran Tuan Mai,12/16/20,3,Left
297,Dang Quang Son,10/9/21,3,Left
298,Vo Tuan Phuc,2/19/23,1,Active
299,Tran Manh Binh,9/22/24,2,Left
300,Dang Thanh Tung,6/7/21,3,Left
301,Hoang Van Chau,2/20/25,2,Active
302,Pham Manh Tuan,10/2/21,3,Left
303,Nguyen Quang Tuan,6/29/21,3,Left
304,Nguyen Minh Quyen,11/2/23,3,Left
305,Vo Tuan Linh,3/21/25,,Active
306,Le Manh Phat,3/22/21,2,Active
307,Do Thi Quyen,12/21/20,3,Left
308,Bui Ngoc Nam,9/26/22,1,Left
309,Bui Thi Hang,5/12/22,3,Left
310,Bui Ngoc Quyen,4/7/23,1,Active
311,Hoang Ngoc Trang,2/10/22,3,Active
312,Nguyen Tuan Chau,7/15/20,1,Active
313,Bui Quang Nam,12/26/23,2,Left
314,Tran Ngoc Son,1/5/24,3,Active
315,Nguyen Phuong Phuc,5/30/25,1,Active
316,Dang Van Khanh,9/26/21,1,Active
317,Vo Thanh Tung,8/20/21,3,Active
318,Do Tuan Binh,7/31/20,1,Active
319,Pham Quang Trang,9/24/24,1,Left
320,Le Quang Phuc,6/25/20,3,Active
321,Do Thi An,7/25/22,3,Left
322,Huynh Huu Hang,10/23/23,3,Left
323,Hoang Phuong An,1/2/21,3,Active
324,Vo Ngoc Chau,5/9/21,2,Left
325,Pham Thi Phuc,2/22/21,3,Left
326,Tran Minh Quyen,6/10/23,2,Active
327,Hoang Phuong Linh,5/21/23,1,Left
328,Dang Tuan Quyen,11/26/21,1,Active
329,Pham Tuan Trang,8/22/23,1,Left
330,Le Ngoc Khanh,2/19/23,3,Active
331,Huynh Phuong Giang,11/26/20,3,Left
332,Tran Quang Phat,5/2/21,2,Active
333,Bui Phuong Linh,10/25/23,3,Left
334,Nguyen Quang Mai,6/29/20,3,Active
335,Huynh Manh Quyen,10/9/23,3,Left
336,Le Tuan Trang,4/23/25,,Active
337,Do Thanh Nam,10/23/21,1,Active
338,Vo Phuong Ngoc,9/14/22,3,Left
339,Do Thanh Khanh,11/5/20,3,Active
340,Pham Manh Ngoc,3/28/21,3,Active
341,Pham Ngoc Binh,11/18/21,3,Left
342,Bui Tuan Ngoc,12/13/24,2,Active
343,Dang Minh Quyen,7/1/23,2,Left
344,Nguyen Minh Son,11/24/23,3,Left
345,Huynh Thanh Dung,8/24/20,2,Active
346,Do Thi Son,7/3/23,3,Active
347,Do Van Giang,1/27/22,3,Left
348,Dang Minh Chau,7/24/21,1,Active
349,Do Quang Nam,5/31/23,3,Active
350,Huynh Ngoc Chau,8/5/22,2,Left
351,Bui Phuong Ngoc,4/9/24,3,Active
352,Bui Tuan Trang,1/4/22,1,Active
353,Nguyen Manh Chau,4/9/21,3,Left
354,Pham Quang Lan,11/11/22,,Active
355,Tran Ngoc Dung,7/8/22,1,Active
356,Tran Tuan Hang,2/28/21,1,Active
357,Hoang Van Binh,10/30/22,3,Active
358,Bui Van Mai,6/12/25,3,Left
359,Bui Thanh Phat,3/2/23,2,Active
360,Le Huu Son,6/23/22,3,Left
361,Dang Manh Hang,11/12/21,1,Left
362,Le Minh Chau,7/9/24,1,Left
363,Huynh Ngoc Tung,1/7/25,3,Active
364,Pham Tuan Tuan,8/20/23,1,Left
365,Le Huu Phuc,11/18/21,3,Left
366,Hoang Tuan Linh,9/22/22,3,Active
367,Nguyen Tuan Mai,4/4/21,,Left
368,Vo Minh Chau,6/16/22,1,Active
369,Do Thanh Tuan,8/13/21,2,Active
370,Hoang Ngoc Linh,6/5/24,1,Left
371,Do Quang Khanh,9/30/22,3,Active
372,Dang Tuan Dung,5/20/24,3,Left
373,Pham Ngoc Tuan,2/10/21,3,Left
374,Bui Manh Mai,3/24/22,1,Left
375,Hoang Van Ngoc,3/23/21,2,Left
376,Hoang Van Tuan,7/20/24,2,Left
377,Nguyen Manh Quyen,8/14/24,3,Left
378,Hoang Huu Tung,8/28/22,3,Left
379,Bui Huu Khanh,9/24/22,2,Active
380,Huynh Quang Giang,11/1/21,3,Left
381,Tran Van Mai,10/19/24,3,Left
382,Do Van Tuan,8/16/21,1,Left
383,Bui Minh Chau,10/21/24,1,Active
384,Hoang Thanh Phat,11/14/20,3,Active
385,Le Huu Giang,3/14/21,3,Active
386,Vo Thanh Son,2/12/23,2,Active
387,Vo Quang Hang,9/5/23,3,Left
388,Hoang Tuan Mai,7/24/23,1,Active
389,Bui Thi Phuc,7/30/20,1,Left
390,Tran Minh Lan,12/22/20,3,Active
391,Dang Phuong Nga,11/18/20,3,Left
392,Tran Ngoc An,11/26/23,2,Left
393,Hoang Phuong Dung,2/22/23,,Left
394,Do Thanh Linh,5/15/21,2,Active
395,Huynh Ngoc Nga,6/24/24,3,Active
396,Tran Huu Quyen,10/15/23,3,Left
397,Nguyen Manh Trang,2/9/21,3,Left
398,Bui Manh Lan,4/19/25,3,Active
399,Tran Tuan Mai,2/2/25,3,Left
400,Dang Thi Giang,5/8/25,2,Active
401,Nguyen Van Mai,12/12/22,1,Active
402,Do Thi Dung,3/4/25,2,Active
403,Pham Phuong Giang,10/21/23,1,Left
404,Dang Tuan Nga,8/6/20,3,Active
405,Vo Ngoc Tuan,1/23/21,1,Left
406,Le Ngoc Dung,2/8/22,3,Active
407,Do Manh Phat,5/22/25,3,Left
408,Hoang Van Nga,7/28/23,3,Left
409,Pham Tuan Phuc,7/9/23,3,Active
410,Pham Thanh Dung,11/20/20,3,Left
411,Bui Phuong Nga,4/4/21,3,Active
412,Nguyen Ngoc Linh,6/17/22,3,Active
413,Pham Thi Phuc,11/13/24,3,Left
414,Tran Huu Tung,4/24/21,1,Left
415,Nguyen Van Nam,10/17/21,2,Active
416,Pham Minh Tuan,7/22/22,3,Left
417,Pham Thi Trang,6/15/22,3,Active
418,Pham Manh Khanh,4/10/22,3,Active
419,Pham Thanh Giang,8/27/20,1,Active
420,Huynh Van Linh,11/4/20,2,Active
421,Le Minh Trang,6/17/24,3,Active
422,Hoang Minh Dung,6/25/22,3,Left
423,Nguyen Minh An,3/27/21,3,Active
424,Bui Huu Tuan,11/23/23,1,Active
425,Bui Van Hang,5/19/24,1,Left
426,Hoang Van Giang,5/17/24,,Active
427,Dang Phuong Dung,2/13/21,3,Active
428,Tran Tuan Phuc,1/29/21,3,Left
429,Bui Phuong Tuan,7/5/24,,Active
430,Tran Tuan Son,3/12/21,1,Left
431,Pham Manh Binh,9/4/23,1,Active
432,Vo Quang Phuc,6/23/21,3,Active
433,Nguyen Van Quyen,1/11/25,3,Active
434,Dang Ngoc Dung,1/16/24,1,Left
435,Do Tuan Chau,3/15/24,3,Active
436,Tran Thanh Tung,6/25/23,1,Left
437,Le Thi Giang,11/4/23,3,Active
438,Hoang Manh Tuan,11/27/20,2,Left
439,Vo Thanh Ngoc,7/25/20,3,Left
440,Huynh Phuong Mai,1/26/21,3,Active
441,Do Phuong Tung,8/8/22,3,Left
442,Dang Thi Dung,6/7/23,3,Active
443,Vo Huu Phat,3/29/25,1,Left
444,Do Huu Phat,1/31/22,1,Active
445,Bui Tuan Ngoc,9/26/20,3,Left
446,Dang Thi Nam,8/26/24,3,Active
447,Dang Thanh Linh,4/5/24,3,Left
448,Bui Minh Quyen,12/1/23,3,Active
449,Tran Thi Chau,4/25/25,3,Left
450,Tran Ngoc Dung,12/27/21,2,Active
451,Bui Minh Trang,7/11/20,2,Left
452,Nguyen Manh Trang,12/31/23,1,Left
453,Vo Thanh Dung,8/11/21,2,Left
454,Dang Thanh Phat,7/30/21,1,Left
455,Nguyen Quang Tung,10/14/24,1,Left
456,Hoang Thanh Dung,2/4/21,3,Active
457,Huynh Phuong Khanh,4/23/25,3,Active
458,Le Tuan Lan,8/12/23,3,Active
459,Tran Thanh Trang,6/27/20,1,Active
460,Bui Thi Linh,7/2/23,3,Left
461,Huynh Huu Phat,4/18/25,3,Left
462,Vo Manh Tung,7/10/22,3,Active
463,Vo Van Tung,6/26/22,2,Active
464,Hoang Van Hang,11/2/21,2,Left
465,Hoang Quang Nam,10/13/24,1,Left
466,Bui Van Hang,4/8/22,2,Left
467,Le Manh Ngoc,12/13/24,1,Active
468,Tran Minh An,3/20/21,1,Active
469,Tran Phuong Khanh,9/14/23,3,Active
470,Dang Ngoc Phuc,7/2/20,3,Active
471,Bui Minh Nga,1/8/23,3,Left
472,Hoang Thanh Tuan,1/13/25,1,Left
473,Huynh Thi Binh,5/17/24,2,Active
474,Le Minh Tung,7/27/21,1,Left
475,Nguyen Thi Linh,9/6/22,1,Left
476,Do Ngoc Quyen,5/26/25,3,Active
477,Huynh Tuan Phat,12/7/20,3,Active
478,Hoang Huu Son,12/21/23,3,Left
479,Tran Thanh Phat,9/29/22,3,Active
480,Tran Quang Tuan,11/3/22,1,Active
481,Do Phuong Mai,1/5/21,1,Left
482,Nguyen Huu Ngoc,2/6/22,1,Left
483,Huynh Van An,1/6/25,1,Left
484,Pham Quang Khanh,4/23/22,1,Active
485,Le Quang Mai,9/8/22,2,Left
486,Bui Thi An,3/2/23,3,Active
487,Do Ngoc Hang,7/8/23,3,Left
488,Le Ngoc Trang,2/8/24,1,Left
489,Pham Phuong Trang,7/18/22,3,Active
490,Bui Thi Ngoc,8/12/24,1,Active
491,Nguyen Ngoc An,7/17/24,3,Left
492,Do Thi Nam,12/3/24,1,Active
493,Huynh Ngoc Tuan,8/9/20,3,Left
494,Dang Ngoc Mai,10/30/21,2,Left
495,Tran Ngoc An,10/17/22,1,Active
496,Bui Minh Tung,6/13/22,3,Active
497,Do Thanh Chau,12/1/24,3,Active
498,Dang Thi Lan,9/19/21,3,Active
499,Dang Manh Ngoc,9/30/22,1,Active
500,Vo Thi Ngoc,4/23/21,3,Active
501,Hoang Thanh Lan,2/19/23,3,Active
502,Bui Minh Chau,6/21/21,,Active
503,Vo Thi Son,4/11/24,1,Active
504,Vo Huu Nga,7/3/21,2,Left
505,Bui Minh Lan,2/14/23,2,Active
506,Tran Minh Linh,12/20/23,1,Left
507,Pham Minh Tung,9/17/24,1,Active
508,Le Thi Hang,6/27/22,2,Left
509,Do Tuan Tuan,6/14/22,3,Left
510,Huynh Tuan Tuan,8/7/22,2,Left
511,Huynh Thanh Nam,10/9/21,3,Left
512,Le Tuan Chau,1/3/21,3,Left
513,Do Tuan Mai,6/24/24,1,Active
514,Hoang Manh Binh,10/14/21,3,Left
515,Bui Phuong Chau,9/5/20,2,Active
516,Hoang Tuan Phuc,12/17/20,3,Active
517,Nguyen Van Nga,8/14/21,3,Left
518,Hoang Thi Chau,3/30/22,1,Active
519,Huynh Manh Son,3/29/22,3,Left
520,Dang Tuan Tuan,10/10/20,3,Left
521,Vo Van Phuc,3/29/24,1,Active
522,Huynh Huu Nam,1/7/22,2,Active
523,Huynh Tuan Son,2/2/22,3,Left
524,Le Van Phuc,3/20/22,3,Active
525,Tran Thanh Chau,7/7/20,2,Left
526,Vo Minh Binh,12/4/20,3,Left
527,Pham Tuan Phuc,12/15/20,3,Active
528,Vo Phuong Tung,12/27/21,2,Left
529,Le Thanh Nga,7/9/24,1,Left
530,Hoang Ngoc Phat,3/1/24,1,Active
531,Bui Manh Binh,6/26/22,3,Active
532,Bui Thi Nam,1/17/24,2,Left
533,Tran Phuong Ngoc,7/7/20,3,Left
534,Hoang Quang Tung,8/9/24,1,Active
535,Le Thanh Chau,6/16/23,2,Active
536,Huynh Minh Nga,11/1/22,2,Active
537,Hoang Ngoc Giang,6/25/24,3,Left
538,Huynh Thi Mai,1/28/23,1,Active
539,Vo Ngoc Nam,9/11/23,1,Active
540,Le Phuong Chau,6/3/23,1,Active
541,Dang Phuong Nga,11/5/20,3,Active
542,Nguyen Thanh Mai,5/19/25,2,Left
543,Le Huu Nam,2/26/25,3,Active
544,Do Huu Lan,1/30/23,2,Active
545,Le Minh Chau,3/3/25,2,Left
546,Hoang Thi Son,3/23/24,2,Active
547,Vo Phuong Binh,6/26/23,1,Active
548,Bui Manh Giang,2/21/23,1,Active
549,Huynh Ngoc Giang,10/6/24,1,Active
550,Le Minh Tung,2/9/21,1,Left
551,Le Tuan Binh,7/19/20,2,Active
552,Dang Thanh Lan,2/3/25,2,Active
553,Do Manh Mai,1/28/25,1,Active
554,Do Huu Trang,12/19/23,1,Left
555,Pham Quang Quyen,11/10/20,1,Active
556,Pham Thanh Tuan,12/31/20,1,Active
557,Do Tuan Mai,3/6/21,3,Active
558,Dang Phuong Son,9/8/24,1,Left
559,Dang Minh Khanh,9/7/20,2,Active
560,Huynh Minh Linh,3/6/24,3,Left
561,Nguyen Tuan Nga,10/24/23,2,Active
562,Vo Thi Son,11/12/20,3,Active
563,Tran Quang Chau,9/29/21,3,Left
564,Le Quang Phuc,12/3/24,3,Left
565,Vo Minh Phat,3/8/22,1,Left
566,Tran Huu Phuc,1/17/21,3,Left
567,Bui Van Phat,2/17/25,1,Active
568,Nguyen Ngoc Son,10/17/22,3,Left
569,Bui Huu Ngoc,7/19/20,3,Left
570,Tran Thanh Lan,1/16/25,3,Active
571,Nguyen Thanh Dung,2/10/23,2,Left
572,Bui Minh Giang,6/11/23,3,Left
573,Nguyen Quang Quyen,6/3/21,3,Active
574,Le Tuan Phuc,12/16/23,2,Left
575,Huynh Van Chau,2/18/25,1,Active
576,Nguyen Quang Khanh,8/9/22,1,Left
577,Le Phuong Tung,9/18/22,3,Left
578,Vo Ngoc Dung,4/22/25,2,Active
579,Hoang Huu Mai,3/30/22,3,Active
580,Tran Van Lan,6/10/22,1,Left
581,Dang Manh Phuc,6/26/21,3,Left
582,Tran Thi Quyen,10/19/24,2,Left
583,Huynh Phuong An,2/18/24,2,Active
584,Vo Manh Lan,5/28/21,3,Left
585,Le Quang Phat,8/30/22,3,Left
586,Nguyen Manh Nga,6/25/22,3,Active
587,Pham Manh Phat,6/28/22,3,Active
588,Le Thi Son,1/14/21,2,Left
589,Bui Thi Son,5/14/23,3,Left
590,Vo Phuong Son,3/6/25,3,Left
591,Vo Van Ngoc,7/2/23,2,Left
592,Do Van Ngoc,6/18/22,3,Active
593,Bui Quang An,7/30/24,2,Left
594,Bui Thi Nga,11/10/20,2,Active
595,Pham Thi Tuan,4/17/21,3,Left
596,Bui Minh Binh,10/23/23,3,Active
597,Bui Phuong Nam,5/13/25,1,Active
598,Le Tuan Quyen,2/2/25,3,Left
599,Le Minh Chau,1/8/23,3,Left
600,Do Van Mai,10/1/21,1,Left
601,Pham Van Khanh,1/24/25,3,Left
602,Nguyen Thanh Mai,9/4/20,3,Left
603,Vo Ngoc Trang,3/3/22,3,Active
604,Do Quang Binh,2/10/23,3,Left
605,Pham Quang Nga,4/9/25,1,Active
606,Nguyen Thanh Linh,9/3/23,3,Active
607,Tran Thanh Phat,11/9/24,3,Active
608,Dang Tuan Ngoc,11/1/21,1,Left
609,Bui Minh Quyen,6/10/23,1,Active
610,Do Thanh Son,2/21/22,2,Active
611,Hoang Thi Phat,12/11/22,3,Left
612,Tran Ngoc Tung,12/23/20,1,Left
613,Le Phuong Mai,2/14/22,3,Left
614,Bui Thi Chau,3/8/25,3,Active
615,Bui Quang Mai,7/10/23,2,Left
616,Do Manh Phat,8/13/22,1,Left
617,Le Tuan Nga,10/17/23,,Active
618,Do Van Nga,2/6/23,3,Active
619,Huynh Ngoc Linh,7/15/20,3,Left
620,Nguyen Thi Ngoc,3/3/25,3,Active
621,Bui Phuong Hang,8/18/21,1,Left
622,Nguyen Minh Tung,8/22/20,3,Left
623,Do Van Giang,1/5/23,3,Left
624,Tran Huu Nga,10/29/20,3,Left
625,Bui Ngoc Tuan,8/18/23,2,Left
626,Nguyen Manh Giang,8/26/22,2,Left
627,Do Thanh Nga,6/11/21,1,Active
628,Do Thi Tuan,3/14/24,3,Active
629,Le Phuong Nga,11/7/22,1,Active
630,Dang Thanh Linh,6/29/21,3,Left
631,Pham Thi An,6/19/20,1,Left
632,Le Tuan Son,10/7/22,3,Left
633,Dang Phuong Dung,4/3/25,3,Left
634,Hoang Quang Phuc,5/27/21,3,Active
635,Pham Manh Mai,7/14/20,2,Left
636,Do Huu Dung,11/2/20,1,Left
637,Le Thi Phuc,2/15/23,1,Left
638,Le Tuan Chau,6/30/20,3,Left
639,Bui Thanh Chau,9/16/22,1,Active
640,Vo Phuong Mai,9/22/23,2,Active
641,Hoang Minh Hang,6/11/24,2,Left
642,Bui Phuong Lan,9/23/20,2,Active
643,Tran Huu Giang,4/30/25,3,Active
644,Pham Tuan An,1/4/21,3,Left
645,Bui Phuong Tuan,11/20/21,3,Active
646,Bui Tuan Trang,7/17/22,1,Left
647,Le Manh Chau,6/29/20,2,Left
648,Tran Quang Ngoc,1/10/21,1,Active
649,Do Phuong Phat,12/9/22,3,Active
650,Dang Manh Chau,6/23/24,1,Active
651,Le Thanh Chau,4/14/24,3,Left
652,Do Tuan Son,8/20/22,2,Left
653,Bui Minh Trang,9/18/20,2,Active
654,Huynh Minh Giang,10/12/21,2,Active
655,Dang Phuong Binh,3/10/21,1,Left
656,Tran Phuong Giang,8/12/23,3,Left
657,Hoang Minh Hang,8/4/20,3,Left
658,Bui Huu Nga,1/30/22,3,Active
659,Vo Quang Chau,12/11/20,1,Left
660,Hoang Huu Trang,3/3/24,3,Active
661,Hoang Minh Mai,10/26/23,1,Active
662,Huynh Phuong Chau,6/18/21,1,Left
663,Vo Minh Tuan,12/27/22,3,Active
664,Huynh Minh Hang,7/7/24,3,Active
665,Huynh Manh Nam,4/29/22,3,Active
666,Huynh Van An,8/7/24,3,Active
667,Tran Van Tuan,7/25/21,1,Active
668,Hoang Huu Tuan,7/2/20,3,Left
669,Dang Manh An,8/5/22,3,Left
670,Do Phuong Mai,9/1/23,1,Active
671,Hoang Tuan Lan,8/20/20,2,Left
672,Dang Quang Phuc,9/2/24,1,Left
673,Tran Van Hang,7/19/23,1,Active
674,Do Ngoc Quyen,9/18/23,1,Left
675,Do Huu Nam,11/4/24,2,Active
676,Huynh Minh Nam,8/28/24,3,Left
677,Bui Thanh Ngoc,12/4/23,2,Left
678,Le Thanh Son,5/13/25,2,Left
679,Vo Thi Nam,10/25/24,3,Active
680,Pham Tuan Dung,12/27/23,3,Left
681,Hoang Tuan Lan,4/12/22,1,Left
682,Le Thi Binh,11/7/24,2,Left
683,Hoang Ngoc Tung,4/5/22,3,Left
684,Dang Huu Hang,10/3/20,2,Left
685,Bui Manh Nam,8/14/23,3,Left
686,Pham Minh Quyen,8/22/21,3,Active
687,Vo Tuan Quyen,7/21/20,3,Left
688,Hoang Tuan An,8/13/22,2,Left
689,Tran Ngoc Son,10/31/21,,Left
690,Do Huu Khanh,11/26/24,2,Active
691,Huynh Thanh Binh,6/27/23,1,Left
692,Nguyen Quang Quyen,5/11/25,1,Active
693,Huynh Tuan Mai,8/15/23,2,Active
694,Vo Van Dung,3/8/21,3,Left
695,Dang Minh Linh,9/5/24,1,Active
696,Bui Ngoc Nga,12/7/23,1,Left
697,Nguyen Ngoc Binh,5/27/23,3,Left
698,Huynh Phuong Khanh,5/30/24,2,Active
699,Bui Phuong Mai,7/16/20,3,Active
700,Tran Ngoc Son,9/15/24,3,Left
701,Do Phuong Linh,5/28/24,1,Left
702,Huynh Manh Dung,5/25/22,,Left
703,Le Thi Ngoc,12/2/23,3,Left
704,Bui Thanh Trang,2/2/23,1,Active
705,Bui Minh Khanh,10/8/20,3,Left
706,Huynh Phuong Ngoc,5/22/25,,Active
707,Vo Van Binh,9/12/22,2,Left
708,Nguyen Minh Nam,3/5/23,1,Left
709,Do Phuong Phuc,6/3/21,2,Active
710,Le Manh Son,11/17/20,3,Left
711,Le Thanh Tung,4/28/25,,Left
712,Bui Minh Ngoc,4/12/21,3,Left
713,Huynh Quang Tuan,5/31/21,1,Active
714,Bui Phuong Son,9/13/22,3,Active
715,Vo Tuan Tuan,2/11/23,1,Active
716,Hoang Tuan An,5/31/21,3,Left
717,Bui Thanh Dung,8/11/23,3,Left
718,Dang Manh Mai,5/27/24,1,Active
719,Nguyen Manh Quyen,10/27/21,3,Left
720,Hoang Manh Tuan,1/16/23,3,Left
721,Pham Van Tuan,6/29/23,2,Active
722,Do Minh Son,3/13/25,3,Active
723,Huynh Ngoc Giang,10/12/20,3,Active
724,Pham Van Tuan,3/25/23,3,Active
725,Tran Huu An,2/20/24,3,Active
726,Do Thanh Phat,10/15/20,1,Left
727,Le Ngoc Khanh,10/22/21,2,Active
728,Dang Phuong Tung,6/11/24,1,Active
729,Do Van Giang,5/12/22,1,Active
730,Vo Huu Trang,12/8/23,3,Active
731,Bui Tuan Son,1/26/24,3,Active
732,Dang Thanh Hang,8/9/20,2,Active
733,Do Phuong Nam,12/28/24,3,Active
734,Vo Thanh Linh,11/18/24,,Left
735,Huynh Tuan Khanh,10/22/20,3,Left
736,Pham Quang Trang,8/25/22,3,Left
737,Hoang Huu Mai,8/11/20,3,Left
738,Hoang Huu Quyen,8/11/24,2,Active
739,Bui Tuan Nga,12/30/20,2,Left
740,Vo Quang Mai,6/5/21,1,Left
741,Tran Manh Trang,11/3/22,3,Left
742,Dang Ngoc Nga,1/18/22,3,Left
743,Le Quang Binh,10/20/24,1,Left
744,Hoang Thi Nga,5/20/25,3,Left
745,Do Quang Quyen,4/4/21,3,Left
746,Pham Huu Trang,12/16/20,2,Active
747,Hoang Phuong Linh,1/15/21,1,Active
748,Le Thi Tung,2/28/25,2,Active
749,Huynh Huu Lan,8/15/21,3,Active
750,Nguyen Phuong Lan,4/8/23,3,Active
751,Pham Van Dung,10/9/20,3,Active
752,Dang Thanh Quyen,6/27/20,3,Active
753,Tran Minh An,12/22/22,1,Active
754,Vo Minh Phat,11/25/24,2,Left
755,Do Tuan Khanh,3/1/24,2,Left
756,Hoang Thanh Mai,9/15/22,2,Left
757,Nguyen Thi Tuan,11/13/22,1,Left
758,Pham Phuong Binh,3/20/22,3,Left
759,Le Ngoc Hang,8/27/24,3,Active
760,Nguyen Ngoc Quyen,9/9/21,3,Active
761,Le Quang Binh,1/21/23,3,Left
762,Nguyen Quang Tuan,8/22/22,1,Active
763,Huynh Thi Nam,10/12/21,2,Active
764,Hoang Tuan Trang,7/5/24,3,Active
765,Vo Tuan Giang,5/13/25,1,Left
766,Vo Tuan Linh,8/21/20,1,Left
767,Pham Thi Nam,10/21/23,3,Active
768,Le Tuan Linh,3/3/22,2,Active
769,Le Van Nam,3/1/21,2,Left
770,Hoang Manh Khanh,11/30/21,3,Active
771,Le Manh Ngoc,4/22/24,2,Active
772,Dang Phuong Nam,3/20/23,1,Active
773,Tran Ngoc Dung,3/15/21,2,Left
774,Le Minh Quyen,3/18/22,1,Active
775,Bui Huu An,9/17/20,3,Left
776,Hoang Ngoc Lan,6/20/21,1,Left
777,Do Quang Nam,5/6/24,3,Active
778,Hoang Manh Tuan,5/25/22,2,Left
779,Nguyen Quang Nga,12/24/24,,Left
780,Pham Van Dung,5/26/23,1,Left
781,Do Quang Hang,9/27/22,2,Active
782,Dang Phuong Mai,6/27/21,1,Active
783,Tran Quang Nga,11/12/21,2,Active
784,Huynh Huu Lan,4/17/22,3,Left
785,Le Tuan Giang,6/24/21,1,Active
786,Do Manh Nga,9/21/23,1,Left
787,Dang Phuong Quyen,3/13/22,1,Active
788,Vo Huu Lan,6/1/25,3,Left
789,Huynh Thi Son,6/8/23,,Active
790,Do Phuong Nga,2/15/22,3,Active
791,Tran Manh Dung,10/11/24,2,Left
792,Nguyen Phuong Son,4/1/22,3,Active
793,Pham Manh Trang,2/15/22,3,Left
794,Le Minh Nam,11/7/24,1,Left
795,Vo Tuan Dung,1/28/23,1,Active
796,Pham Manh Quyen,1/8/23,2,Active
797,Tran Phuong Phuc,3/25/21,2,Left
798,Nguyen Tuan Giang,11/6/22,1,Active
799,Vo Ngoc Phuc,3/15/22,2,Left
800,Huynh Van Trang,5/9/23,1,Active
801,Do Quang An,12/25/20,1,Active
802,Dang Quang An,11/26/23,2,Active
803,Pham Manh Chau,2/28/23,2,Active
804,Nguyen Ngoc Nga,4/4/22,1,Active
805,Tran Phuong Binh,9/3/22,2,Left
806,Tran Tuan Binh,3/1/21,1,Left
807,Hoang Ngoc Hang,3/1/21,2,Left
808,Le Ngoc Nga,12/23/22,2,Left
809,Dang Tuan Ngoc,6/15/23,1,Active
810,Dang Thi Trang,10/30/20,2,Active
811,Le Thanh Dung,5/29/21,3,Active
812,Le Phuong Ngoc,4/17/22,3,Active
813,Vo Minh Lan,6/8/22,1,Active
814,Nguyen Van Mai,8/24/21,3,Active
815,Do Phuong Phat,6/9/24,2,Active
816,Vo Ngoc Lan,9/29/23,1,Left
817,Pham Tuan Nga,2/11/21,3,Left
818,Le Quang Khanh,6/27/22,2,Active
819,Tran Van Phat,5/23/25,3,Active
820,Huynh Van Lan,12/22/20,3,Active
821,Pham Thi Dung,6/28/20,3,Active
822,Huynh Van Phuc,8/3/23,3,Active
823,Huynh Van Lan,11/4/22,,Left
824,Nguyen Ngoc Phuc,3/2/23,2,Active
825,Pham Phuong Khanh,9/6/23,1,Active
826,Nguyen Minh Son,2/26/24,1,Left
827,Hoang Huu Tuan,12/26/21,3,Active
828,Bui Manh Tung,5/8/23,,Left
829,Bui Huu Mai,1/20/22,3,Active
830,Le Phuong Lan,8/28/23,1,Left
831,Dang Quang Linh,5/27/24,1,Active
832,Nguyen Phuong Tuan,2/14/24,3,Active
833,Le Ngoc Trang,11/10/23,1,Left
834,Do Van Nga,2/21/24,3,Left
835,Dang Phuong Nam,7/23/23,3,Active
836,Dang Ngoc Giang,7/12/23,1,Active
837,Hoang Ngoc Hang,3/22/24,2,Active
838,Vo Tuan Lan,11/28/20,3,Active
839,Pham Quang Giang,6/8/24,3,Left
840,Do Van Trang,10/27/20,2,Active
841,Dang Ngoc Trang,10/18/24,3,Active
842,Vo Minh Ngoc,5/27/24,3,Active
843,Pham Quang Khanh,9/28/22,1,Left
844,Bui Thi Phuc,12/19/24,3,Left
845,Bui Thi Trang,1/2/24,3,Left
846,Pham Van Linh,7/25/22,1,Left
847,Dang Manh Tung,10/16/20,3,Active
848,Nguyen Thi Khanh,12/5/23,2,Left
849,Huynh Phuong Khanh,10/30/20,3,Left
850,Do Huu Nam,1/22/23,1,Active
851,Hoang Van Khanh,4/27/25,2,Active
852,Pham Thi Quyen,11/19/21,3,Left
853,Pham Manh Khanh,2/24/25,2,Left
854,Dang Huu Trang,12/11/22,2,Active
855,Bui Quang Ngoc,7/12/24,2,Left
856,Do Phuong Nga,3/18/22,3,Active
857,Hoang Quang Nga,7/29/22,3,Active
858,Vo Tuan Phuc,10/10/23,1,Left
859,Tran Tuan Nam,1/30/25,3,Left
860,Pham Thanh Nam,9/10/21,3,Active
861,Dang Van Tuan,12/12/20,2,Active
862,Pham Minh An,6/11/25,2,Active
863,Hoang Phuong Tuan,3/25/21,3,Left
864,Huynh Ngoc Mai,2/2/22,1,Left
865,Le Huu Nam,7/23/20,1,Active
866,Pham Ngoc Tuan,11/15/20,3,Active
867,Pham Tuan Trang,3/4/23,3,Left
868,Bui Quang Quyen,1/23/24,3,Left
869,Do Tuan Hang,2/20/21,1,Active
870,Bui Minh Giang,6/3/21,3,Left
871,Vo Tuan Hang,8/20/23,2,Active
872,Vo Van Son,11/15/21,3,Left
873,Nguyen Thi Binh,6/11/22,1,Active
874,Nguyen Ngoc Giang,9/28/23,3,Active
875,Pham Thi Giang,8/4/22,3,Left
876,Nguyen Huu Son,5/16/25,2,Left
877,Do Thanh Binh,4/7/21,1,Left
878,Huynh Manh Quyen,2/19/22,3,Active
879,Do Van An,3/24/25,3,Left
880,Vo Phuong Phat,12/11/20,3,Left
881,Nguyen Van Son,8/7/20,1,Left
882,Hoang Phuong Mai,8/31/21,2,Active
883,Nguyen Phuong Phat,9/12/23,2,Left
884,Le Thi Dung,3/12/22,1,Left
885,Vo Minh Lan,9/6/21,2,Active
886,Pham Manh Son,9/16/21,3,Left
887,Hoang Thanh Linh,3/3/22,2,Active
888,Dang Thi Nga,12/21/24,3,Active
889,Dang Tuan Tuan,3/22/25,1,Active
890,Pham Huu Mai,3/2/24,3,Left
891,Tran Van Chau,5/28/25,2,Active
892,Dang Ngoc Ngoc,10/23/22,1,Active
893,Vo Tuan Binh,6/4/25,2,Active
894,Nguyen Minh Chau,2/12/22,,Active
895,Do Ngoc Nam,1/22/24,1,Left
896,Huynh Thi Son,1/8/23,3,Left
897,Nguyen Huu Khanh,4/1/21,3,Active
898,Huynh Tuan Linh,8/12/24,2,Left
899,Nguyen Thi Linh,9/8/22,3,Active
900,Vo Manh Binh,5/30/25,3,Left
901,Le Thanh An,8/23/20,3,Left
902,Pham Manh Giang,3/22/25,3,Active
903,Dang Thi Mai,7/17/21,3,Left
904,Le Manh Lan,6/15/21,2,Left
905,Huynh Ngoc Trang,2/23/22,1,Left
906,Bui Ngoc Giang,12/18/21,3,Left
907,Tran Phuong Nga,4/25/22,2,Active
908,Nguyen Thi Phat,9/2/21,3,Left
909,Pham Thi Nam,2/20/23,3,Left
910,Huynh Manh Tung,1/22/23,3,Active
911,Dang Thanh An,10/18/22,2,Active
912,Hoang Tuan Quyen,4/17/23,1,Active
913,Pham Thanh Trang,6/27/24,3,Left
914,Dang Ngoc Hang,11/5/24,3,Left
915,Huynh Ngoc Chau,11/10/21,2,Active
916,Huynh Quang Lan,10/15/20,2,Active
917,Tran Thi Linh,12/21/22,3,Left
918,Le Ngoc Giang,12/11/24,3,Active
919,Dang Thanh Nga,8/6/22,3,Left
920,Tran Thi An,12/27/24,2,Active
921,Hoang Tuan Nga,8/16/24,3,Left
922,Hoang Thi Giang,6/19/20,3,Active
923,Tran Minh Phat,11/20/24,3,Left
924,Do Phuong Trang,4/22/23,3,Left
925,Vo Ngoc Dung,7/29/24,1,Left
926,Nguyen Thi Nga,2/26/24,2,Active
927,Vo Thi Tung,3/22/24,1,Active
928,Huynh Thanh Ngoc,1/27/23,3,Active
929,Nguyen Quang Phat,7/2/20,3,Active
930,Dang Thi Trang,11/6/24,2,Active
931,Pham Manh Son,5/1/21,1,Left
932,Le Ngoc Hang,8/19/24,3,Active
933,Le Quang Mai,9/29/22,2,Active
934,Hoang Tuan Giang,12/27/20,1,Left
935,Tran Minh Phat,6/17/25,3,Left
936,Hoang Ngoc Mai,4/20/22,3,Left
937,Do Thi Nga,8/2/24,2,Left
938,Hoang Huu Quyen,4/24/23,2,Active
939,Huynh Manh Khanh,7/19/20,1,Left
940,Do Thi Giang,1/13/23,2,Active
941,Hoang Van Ngoc,1/11/23,3,Active
942,Bui Manh Ngoc,1/9/25,1,Left
943,Bui Tuan Nam,2/6/23,3,Left
944,Dang Manh Giang,12/16/22,1,Left
945,Hoang Thanh Tung,10/4/22,3,Left
946,Pham Tuan Nam,6/18/23,3,Left
947,Le Ngoc Nam,11/23/21,,Left
948,Hoang Tuan Tuan,9/19/21,3,Left
949,Pham Thanh Ngoc,12/16/24,2,Left
950,Hoang Ngoc Nga,3/15/24,2,Active
951,Tran Manh Khanh,1/10/23,3,Active
952,Huynh Phuong Hang,2/16/22,,Left
953,Vo Van Phuc,10/21/21,3,Left
954,Pham Tuan Mai,12/28/21,1,Left
955,Tran Ngoc Quyen,1/26/24,1,Left
956,Le Quang Lan,9/5/23,3,Left
957,Hoang Minh Phat,6/9/25,,Left
958,Dang Thi Phuc,3/11/24,3,Left
959,Huynh Tuan Tuan,4/14/22,3,Active
960,Dang Phuong Son,11/28/23,3,Active
961,Dang Phuong Binh,6/1/24,,Left
962,Bui Phuong Tung,7/15/23,3,Left
963,Tran Thi Lan,5/13/23,3,Active
964,Bui Minh Tung,10/22/20,3,Active
965,Nguyen Manh Ngoc,8/19/21,1,Active
966,Bui Ngoc Dung,11/17/20,3,Left
967,Nguyen Thi Linh,3/20/22,3,Left
968,Pham Phuong Son,7/25/20,2,Active
969,Vo Manh Tuan,4/25/21,3,Left
970,Pham Tuan Nga,1/18/21,2,Active
971,Dang Tuan Tuan,5/25/23,3,Left
972,Vo Minh Nga,8/27/21,2,Left
973,Nguyen Tuan Dung,1/10/22,2,Left
974,Hoang Ngoc Chau,3/18/23,1,Left
975,Tran Minh Nga,9/1/22,3,Active
976,Hoang Thanh Phuc,9/1/23,2,Left
977,Pham Phuong Quyen,4/17/25,3,Left
978,Bui Tuan Dung,4/13/23,3,Left
979,Do Tuan Nam,4/6/21,1,Left
980,Tran Quang Binh,10/5/21,2,Active
981,Tran Van Nam,5/17/22,2,Left
982,Tran Minh Lan,12/21/21,1,Active
983,Vo Minh Trang,1/26/22,1,Left
984,Le Thanh Trang,4/20/25,3,Left
985,Dang Tuan Lan,6/20/24,3,Active
986,Dang Minh Hang,4/22/25,3,Active
987,Dang Ngoc An,6/25/24,3,Left
988,Huynh Huu Phuc,4/6/22,1,Active
989,Huynh Ngoc Ngoc,4/6/22,3,Active
990,Nguyen Huu Khanh,6/20/23,3,Left
991,Hoang Thi Tuan,12/13/23,3,Active
992,Tran Phuong Hang,9/3/23,3,Active
993,Bui Thanh Khanh,2/1/21,3,Left
994,Do Thi Linh,9/19/24,3,Left
995,Do Phuong Nam,5/14/23,3,Active
996,Huynh Ngoc Tung,8/30/22,3,Left
997,Dang Manh Dung,4/2/25,3,Left
998,Bui Thanh Phuc,9/28/23,3,Active
999,Huynh Minh Mai,12/16/20,2,Left
1000,Huynh Manh Chau,4/26/24,2,Active
1001,Le Thanh Dung,12/21/23,3,Active
1002,Pham Quang Dung,4/17/21,3,Left
1003,Le Thanh Giang,8/17/24,2,Active
1004,Vo Ngoc Phat,11/9/21,3,Active
1005,Huynh Minh Tuan,8/28/24,2,Active
1006,Dang Ngoc Hang,6/12/23,3,Active
1007,Do Phuong Hang,5/31/23,3,Left
1008,Vo Minh Quyen,9/11/21,3,Left
1009,Hoang Minh Hang,2/21/22,3,Left
1010,Bui Tuan Tung,11/1/22,2,Active
1011,Nguyen Thanh An,1/17/23,,Active
1012,Do Minh Khanh,9/27/23,3,Active
1013,Dang Phuong Son,12/6/21,3,Left
1014,Do Ngoc Quyen,3/7/22,2,Active
1015,Dang Tuan Quyen,7/2/22,3,Left
1016,Le Thi Tuan,5/3/25,3,Left
1017,Nguyen Huu Mai,10/16/22,1,Left
1018,Nguyen Quang Lan,5/9/24,3,Left
1019,Vo Quang Hang,11/23/23,3,Left
1020,Do Manh Quyen,10/23/21,3,Active
1021,Vo Phuong Dung,7/7/22,3,Left
1022,Huynh Thi Linh,5/27/23,1,Active
1023,Vo Thanh Trang,2/6/21,2,Left
1024,Nguyen Tuan Trang,12/22/24,1,Active
1025,Pham Ngoc Dung,4/13/23,2,Left
1026,Pham Quang Binh,4/30/23,3,Left
1027,Do Quang Nga,7/31/23,3,Active
1028,Tran Tuan Dung,10/8/21,3,Left
1029,Pham Huu Tuan,1/22/22,1,Left
1030,Bui Manh Phat,1/3/21,3,Left
1031,Le Manh Giang,7/21/20,,Left
1032,Pham Huu Binh,4/27/25,1,Left
1033,Huynh Thanh Trang,4/9/21,1,Active
1034,Hoang Manh Trang,5/30/25,3,Left
1035,Le Thanh Mai,3/20/24,1,Active
1036,Hoang Manh Linh,9/28/22,2,Active
1037,Vo Thi Giang,9/3/24,3,Active
1038,Dang Van Linh,12/12/23,2,Active
1039,Le Minh Lan,8/10/24,1,Left
1040,Le Thanh Lan,11/6/21,3,Left
1041,Dang Tuan Giang,6/20/24,3,Active
1042,Huynh Quang Phat,7/6/20,3,Active
1043,Dang Tuan Chau,2/21/21,2,Active
1044,Tran Ngoc Son,2/13/22,3,Active
1045,Hoang Thanh Phuc,3/19/22,2,Left
1046,Do Thanh Tuan,12/26/22,1,Left
1047,Nguyen Thi Phuc,8/5/20,3,Active
1048,Bui Thi Trang,4/4/21,3,Left
1049,Dang Huu Phat,12/15/23,3,Active
1050,Pham Tuan Linh,4/16/24,1,Active
1051,Bui Quang Nam,8/31/24,2,Active
1052,Vo Manh Giang,12/21/20,3,Left
1053,Huynh Tuan Nam,1/9/24,3,Active
1054,Nguyen Van Dung,8/12/22,1,Left
1055,Do Van Dung,6/16/25,1,Left
1056,Le Tuan Phuc,12/29/22,3,Active
1057,Nguyen Ngoc Khanh,10/1/21,3,Active
1058,Le Quang Hang,10/26/21,,Left
1059,Hoang Thi Nga,8/3/20,1,Active
1060,Hoang Thi Nga,10/28/20,1,Left
1061,Le Van Ngoc,6/23/20,2,Left
1062,Hoang Huu Phat,1/12/25,3,Left
1063,Tran Thi An,9/6/21,2,Left
1064,Pham Tuan Chau,8/14/20,1,Active
1065,Le Manh Lan,11/22/23,3,Active
1066,Vo Tuan An,1/24/23,1,Left
1067,Nguyen Thanh Dung,4/26/25,3,Left
1068,Dang Minh Quyen,7/7/22,3,Left
1069,Tran Huu Ngoc,12/1/21,3,Active
1070,Tran Thi Dung,12/20/24,2,Left
1071,Bui Thanh Mai,11/11/24,2,Left
1072,Le Ngoc Giang,8/3/24,1,Active
1073,Le Thi Son,7/27/23,2,Left
1074,Huynh Van Tung,4/16/21,2,Left
1075,Le Tuan Nga,2/5/23,3,Left
1076,Pham Minh Phat,5/6/25,3,Left
1077,Huynh Tuan Khanh,9/25/20,,Left
1078,Tran Thi Giang,2/24/22,3,Active
1079,Tran Manh Ngoc,10/13/21,1,Active
1080,Bui Ngoc Nam,8/10/22,3,Active
1081,Le Huu Linh,1/4/24,3,Active
1082,Tran Huu Trang,4/4/24,3,Left
1083,Huynh Manh Tung,8/20/23,3,Active
1084,Hoang Van Mai,12/20/21,3,Left
1085,Pham Phuong Tung,6/23/24,3,Left
1086,Vo Huu Ngoc,9/7/23,2,Left
1087,Hoang Van Lan,11/28/23,2,Active
1088,Do Ngoc Dung,6/8/22,3,Active
1089,Pham Tuan Tung,11/9/22,2,Active
1090,Tran Phuong An,9/15/21,3,Active
1091,Bui Thanh Giang,11/7/23,3,Left
1092,Dang Manh Phat,5/20/25,2,Active
1093,Bui Phuong Hang,1/1/21,3,Active
1094,Do Thi An,3/8/25,2,Active
1095,Huynh Thi An,6/20/22,,Left
1096,Hoang Huu Binh,2/12/24,2,Left
1097,Nguyen Ngoc Son,8/18/22,3,Left
1098,Hoang Phuong Phat,3/6/25,1,Active
1099,Dang Ngoc Chau,4/9/25,1,Left
1100,Vo Phuong Tung,1/17/25,1,Active
1101,Le Quang Chau,6/27/23,3,Active
1102,Hoang Thi Son,5/13/24,1,Left
1103,Pham Minh Trang,7/17/23,2,Active
1104,Bui Ngoc Tuan,7/20/20,2,Left
1105,Tran Quang Phat,6/7/24,3,Active
1106,Pham Van Lan,8/17/21,1,Active
1107,Tran Ngoc Dung,9/25/22,3,Active
1108,Do Manh Tung,10/20/22,2,Left
1109,Nguyen Quang Hang,11/10/20,3,Active
1110,Tran Van Giang,8/14/24,2,Active
1111,Nguyen Minh Quyen,3/2/22,3,Left
1112,Bui Phuong Son,1/5/24,3,Active
1113,Hoang Minh Nga,5/22/23,1,Active
1114,Le Quang Dung,3/28/23,3,Active
1115,Nguyen Thanh Phat,7/30/23,3,Active
1116,Hoang Phuong Chau,9/23/22,3,Active
1117,Hoang Manh Chau,4/30/22,3,Active
1118,Do Tuan Son,6/8/25,2,Left
1119,Bui Van Quyen,7/7/23,3,Left
1120,Huynh Minh Nga,1/10/23,3,Left
1121,Le Quang Dung,10/19/22,2,Active
1122,Huynh Thi Lan,12/14/21,1,Left
1123,Vo Van Binh,5/31/21,3,Active
1124,Nguyen Huu Binh,11/13/23,3,Active
1125,Do Thanh Ngoc,3/26/22,1,Left
1126,Le Minh Binh,8/12/24,1,Left
1127,Vo Ngoc Lan,2/25/25,3,Left
1128,Bui Huu Phat,1/17/23,3,Active
1129,Bui Quang Chau,11/3/23,3,Active
1130,Huynh Thanh Dung,11/3/20,3,Left
1131,Vo Van Hang,12/31/24,3,Active
1132,Pham Phuong Binh,2/17/24,3,Active
1133,Dang Thi Phuc,10/31/24,3,Left
1134,Hoang Quang Nam,4/18/24,2,Active
1135,Tran Phuong Phuc,12/9/24,3,Active
1136,Nguyen Thanh Khanh,4/27/21,3,Active
1137,Hoang Manh Mai,11/2/24,1,Active
1138,Huynh Huu Phuc,12/10/21,2,Active
1139,Bui Manh Quyen,3/21/22,2,Active
1140,Pham Phuong Lan,4/5/24,2,Active
1141,Le Van Phat,8/6/21,1,Active
1142,Nguyen Huu Trang,1/6/24,3,Left
1143,Bui Van Nam,1/27/24,2,Left
1144,Nguyen Ngoc Mai,7/19/21,3,Left
1145,Tran Huu Son,7/14/21,2,Active
1146,Pham Ngoc Quyen,3/21/21,1,Left
1147,Nguyen Minh Linh,8/13/23,1,Active
1148,Tran Van Lan,12/29/23,3,Active
1149,Vo Ngoc Nga,9/14/22,2,Left
1150,Do Thi Tuan,8/31/20,2,Active
1151,Tran Phuong Giang,8/25/24,3,Active
1152,Dang Thi Tuan,1/19/22,3,Active
1153,Huynh Van Phat,5/24/22,3,Active
1154,Le Huu Mai,10/29/23,3,Left
1155,Hoang Thanh Ngoc,4/18/23,1,Active
1156,Bui Thanh Phuc,4/8/22,3,Active
1157,Hoang Huu Chau,12/24/21,2,Active
1158,Pham Minh Tuan,3/2/24,1,Left
1159,Tran Minh Dung,12/25/23,2,Left
1160,Le Tuan Phuc,3/8/25,3,Left
1161,Bui Ngoc Dung,1/11/25,3,Active
1162,Vo Thanh Khanh,10/1/24,2,Left
1163,Do Quang Phuc,3/4/24,3,Left
1164,Hoang Thi Chau,12/21/23,3,Left
1165,Le Quang Tung,3/15/23,,Active
1166,Nguyen Huu Nam,9/28/24,2,Active
1167,Le Thi Lan,5/20/22,1,Left
1168,Bui Ngoc Son,9/14/23,2,Left
1169,Nguyen Quang Linh,11/6/24,1,Active
1170,Le Van Ngoc,8/28/24,3,Left
1171,Do Phuong Trang,9/11/24,3,Left
1172,Pham Thi Phuc,11/4/23,3,Active
1173,Tran Minh Dung,11/27/20,3,Active
1174,Nguyen Van Lan,1/25/22,2,Left
1175,Le Huu Ngoc,3/30/23,3,Active
1176,Bui Thi Tuan,12/4/22,3,Left
1177,Huynh Quang Chau,7/30/21,3,Left
1178,Nguyen Thi Khanh,1/14/24,3,Active
1179,Do Minh Chau,11/8/23,2,Left
1180,Bui Thi Binh,7/15/21,3,Left
1181,Do Van Hang,5/6/25,2,Active
1182,Huynh Ngoc Ngoc,7/14/24,1,Left
1183,Do Van Ngoc,5/3/24,2,Active
1184,Dang Minh Nga,2/23/24,3,Left
1185,Pham Minh Linh,12/13/20,3,Left
1186,Hoang Tuan Giang,10/18/20,2,Active
1187,Nguyen Manh Tung,2/26/24,1,Left
1188,Huynh Huu Mai,4/12/22,1,Active
1189,Do Ngoc Trang,7/18/21,3,Left
1190,Do Van Chau,8/17/22,2,Active
1191,Hoang Ngoc Giang,5/25/25,3,Left
1192,Dang Huu Son,4/4/22,3,Left
1193,Pham Phuong An,6/11/23,1,Active
1194,Dang Thanh Quyen,9/28/20,3,Active
1195,Vo Tuan Nga,12/26/22,3,Active
1196,Huynh Phuong Nam,7/19/22,2,Left
1197,Dang Quang Hang,6/3/24,3,Left
1198,Nguyen Thanh Tung,10/28/20,3,Active
1199,Pham Van Linh,11/23/24,2,Active
1200,Nguyen Tuan Son,6/23/23,3,Active
1201,Bui Manh Lan,9/3/24,3,Active
1202,Le Thi Lan,8/29/24,3,Left
1203,Pham Quang Trang,11/3/21,1,Left
1204,Nguyen Huu Tuan,6/14/25,3,Active
1205,Dang Thanh Hang,2/14/22,3,Left
1206,Le Huu Tuan,2/6/22,1,Left
1207,Bui Thanh Tuan,3/28/21,3,Left
1208,Nguyen Thanh Tuan,5/20/22,3,Active
1209,Huynh Minh Tuan,6/5/21,2,Left
1210,Pham Tuan Trang,9/19/20,2,Left
1211,Hoang Minh Quyen,11/20/23,1,Left
1212,Nguyen Thi Binh,4/2/23,1,Left
1213,Pham Manh Lan,6/6/23,3,Left
1214,Nguyen Phuong Quyen,11/2/21,2,Active
1215,Nguyen Thanh Tung,9/12/21,2,Active
1216,Pham Minh Nam,8/15/24,1,Left
1217,Le Thanh Binh,3/12/23,3,Left
1218,Nguyen Minh Tuan,11/12/22,3,Left
1219,Le Thi Son,3/12/23,3,Active
1220,Bui Thi Nga,2/28/24,3,Active
1221,Dang Manh Dung,9/1/20,3,Left
1222,Bui Quang Nam,1/16/25,3,Active
1223,Le Minh Phat,10/2/21,3,Active
1224,Do Thanh Hang,4/25/22,3,Left
1225,Vo Manh Nga,4/21/23,3,Active
1226,Pham Manh Hang,11/12/21,1,Left
1227,Dang Quang Mai,3/22/22,3,Left
1228,Le Minh An,8/12/22,2,Active
1229,Huynh Ngoc Tuan,3/15/25,3,Active
1230,Nguyen Minh Tung,1/18/23,3,Left
1231,Bui Manh Lan,10/2/22,2,Active
1232,Huynh Thi Quyen,6/8/21,2,Left
1233,Le Thanh Chau,2/20/25,3,Left
1234,Pham Thanh Nam,8/3/20,3,Active
1235,Le Thi Nam,5/23/21,3,Left
1236,Do Van Linh,6/9/25,3,Left
1237,Pham Huu Chau,12/3/20,3,Left
1238,Bui Quang Dung,7/22/24,2,Left
1239,Nguyen Van Ngoc,3/21/24,1,Active
1240,Do Ngoc Hang,6/15/21,2,Active
1241,Dang Tuan Ngoc,12/9/21,1,Active
1242,Bui Phuong Ngoc,1/9/22,3,Left
1243,Tran Tuan Tuan,10/26/24,3,Active
1244,Pham Minh Phuc,9/13/20,3,Left
1245,Tran Van Mai,7/29/23,3,Left
1246,Nguyen Thanh Linh,8/12/23,3,Active
1247,Tran Thi Nam,12/30/21,3,Active
1248,Le Ngoc Hang,9/18/23,3,Active
1249,Tran Phuong Chau,5/14/22,2,Left
1250,Bui Manh Tung,9/6/21,3,Active
1251,Do Van Phat,7/11/22,1,Active
1252,Le Manh Phat,9/23/21,2,Left
1253,Le Van Dung,9/24/20,1,Active
1254,Bui Huu Khanh,8/19/24,3,Left
1255,Dang Phuong Trang,8/6/24,1,Active
1256,Hoang Quang Mai,9/12/23,2,Active
1257,Pham Thi Binh,2/12/21,1,Left
1258,Dang Manh Trang,10/27/24,3,Active
1259,Do Minh Binh,12/31/23,2,Left
1260,Bui Van Phat,6/27/23,2,Active
1261,Tran Quang Tung,6/11/24,3,Active
1262,Do Huu Dung,1/17/25,3,Left
1263,Nguyen Huu Hang,9/15/22,1,Active
1264,Hoang Thi Quyen,3/14/21,3,Active
1265,Tran Quang Ngoc,2/9/25,3,Left
1266,Do Tuan Linh,7/1/20,3,Active
1267,Tran Phuong Ngoc,3/18/24,3,Active
1268,Le Thanh Ngoc,12/16/21,1,Left
1269,Bui Minh Phuc,5/3/25,3,Left
1270,Nguyen Quang Phuc,11/8/22,3,Active
1271,Do Quang Lan,11/13/23,3,Active
1272,Hoang Manh Binh,2/13/23,1,Left
1273,Le Thi Chau,7/6/24,2,Active
1274,Bui Phuong Phat,10/1/24,3,Active
1275,Huynh Huu Trang,9/12/20,3,Left
1276,Nguyen Ngoc Son,10/5/20,1,Active
1277,Dang Phuong Quyen,10/30/23,1,Active
1278,Huynh Huu Quyen,1/7/25,2,Left
1279,Hoang Thi Ngoc,11/30/21,3,Active
1280,Nguyen Phuong Tuan,2/15/24,2,Left
1281,Vo Manh Tung,9/14/20,1,Active
1282,Le Thi Phuc,2/17/23,3,Left
1283,Le Minh Khanh,2/12/24,3,Active
1284,Pham Minh Binh,3/25/21,3,Left
1285,Dang Thi Phat,10/11/22,1,Left
1286,Pham Minh Tung,12/18/22,3,Active
1287,Hoang Thanh Chau,4/27/25,1,Left
1288,Tran Ngoc Trang,12/4/20,3,Left
1289,Dang Phuong Nam,12/2/23,2,Left
1290,Hoang Phuong Phuc,9/5/22,3,Left
1291,Nguyen Manh Tuan,8/22/24,3,Left
1292,Vo Ngoc Dung,3/13/24,3,Left
1293,Dang Minh Giang,7/16/22,2,Left
1294,Huynh Manh Tuan,11/4/20,3,Active
1295,Tran Thi Tuan,9/24/20,3,Left
1296,Tran Quang Trang,6/3/25,2,Active
1297,Bui Ngoc Linh,8/18/22,3,Active
1298,Dang Tuan Tuan,9/4/23,2,Active
1299,Huynh Tuan Binh,3/7/24,3,Active
1300,Le Quang Ngoc,2/3/25,2,Active
1301,Le Manh Tung,4/17/21,3,Left
1302,Dang Van Ngoc,9/26/22,1,Active
1303,Bui Huu Binh,11/9/21,3,Left
1304,Do Quang Nga,5/16/25,3,Active
1305,Nguyen Thanh Mai,5/26/21,2,Active
1306,Hoang Quang Quyen,12/22/22,3,Active
1307,Tran Huu Giang,2/10/23,3,Active
1308,Hoang Tuan Nam,1/25/25,3,Active
1309,Hoang Ngoc Tung,7/1/21,2,Active
1310,Tran Huu Phuc,5/14/23,3,Left
1311,Pham Ngoc Quyen,2/18/25,3,Left
1312,Vo Thanh Binh,3/3/24,3,Active
1313,Vo Minh Chau,5/8/25,3,Active
1314,Hoang Phuong Ngoc,2/11/25,2,Active
1315,Le Phuong Tuan,11/5/24,3,Active
1316,Nguyen Minh Khanh,6/29/22,3,Active
1317,Pham Van Lan,3/14/22,1,Active
1318,Nguyen Tuan Binh,12/2/21,1,Left
1319,Bui Huu Linh,7/22/23,2,Left
1320,Bui Tuan Son,5/9/25,3,Left
1321,Dang Thi An,5/1/23,2,Active
1322,Pham Thanh Quyen,5/13/25,2,Active
1323,Huynh Tuan Hang,10/20/20,3,Left
1324,Do Manh Trang,4/12/24,2,Left
1325,Bui Thanh Hang,11/13/23,3,Active
1326,Hoang Thi Mai,10/21/21,3,Left
1327,Nguyen Ngoc Binh,9/11/23,2,Active
1328,Le Manh Khanh,8/10/23,1,Left
1329,Pham Huu Khanh,9/13/23,3,Left
1330,Hoang Ngoc Son,7/22/24,3,Left
1331,Nguyen Van Quyen,7/17/23,3,Left
1332,Le Minh Tung,6/1/25,3,Active
1333,Nguyen Huu Linh,3/5/24,2,Left
1334,Huynh Quang Linh,7/11/23,,Left
1335,Dang Ngoc Nga,10/10/22,1,Active
1336,Do Quang Khanh,12/15/24,1,Left
1337,Do Quang Son,1/11/25,3,Left
1338,Huynh Ngoc Tuan,1/29/21,3,Active
1339,Tran Van Son,3/25/23,2,Left
1340,Bui Phuong Tung,12/13/24,3,Left
1341,Huynh Quang Mai,9/30/24,2,Left
1342,Tran Tuan Chau,10/13/20,1,Active
1343,Bui Quang Nam,1/30/25,3,Active
1344,Hoang Quang Mai,1/13/22,3,Left
1345,Pham Minh Son,8/20/22,1,Active
1346,Pham Van Tung,8/13/21,3,Active
1347,Dang Thanh Giang,4/5/24,3,Left
1348,Nguyen Tuan Mai,8/20/23,1,Left
1349,Hoang Ngoc Ngoc,7/6/20,1,Left
1350,Dang Van Tuan,7/28/20,2,Active
1351,Huynh Huu Nam,6/3/25,2,Left
1352,Pham Phuong Quyen,8/6/24,3,Active
1353,Bui Phuong Mai,3/12/23,3,Active
1354,Le Phuong Hang,7/29/24,3,Left
1355,Hoang Thi Quyen,1/19/22,1,Left
1356,Le Quang Trang,5/27/21,3,Active
1357,Le Thanh Chau,4/2/21,1,Active
1358,Pham Thanh Lan,12/13/20,1,Active
1359,Hoang Ngoc Nam,6/15/25,3,Left
1360,Bui Quang Tuan,8/5/22,,Left
1361,Hoang Tuan Dung,12/5/22,1,Left
1362,Do Van Tuan,7/8/24,3,Left
1363,Huynh Manh Chau,4/7/22,3,Active
1364,Do Huu Son,4/3/24,1,Active
1365,Tran Ngoc Son,10/22/21,3,Active
1366,Hoang Ngoc Binh,5/23/21,3,Active
1367,Le Minh Khanh,9/18/20,3,Left
1368,Bui Ngoc Tuan,12/14/21,2,Active
1369,Do Minh Nam,1/29/21,1,Active
1370,Le Thi Quyen,3/30/21,3,Left
1371,Bui Minh Nam,5/11/23,2,Active
1372,Nguyen Van Phuc,1/30/24,3,Active
1373,Hoang Huu Hang,11/16/23,3,Left
1374,Huynh Minh Quyen,9/12/21,2,Active
1375,Tran Minh Tung,4/25/21,1,Left
1376,Dang Ngoc Ngoc,4/26/21,3,Active
1377,Dang Tuan Ngoc,11/30/22,1,Active
1378,Nguyen Van Trang,1/21/22,3,Active
1379,Pham Thanh An,8/19/22,3,Left
1380,Bui Phuong Khanh,4/8/25,2,Active
1381,Nguyen Van Lan,2/17/24,3,Left
1382,Pham Thanh Mai,1/12/23,2,Active
1383,Le Thi Ngoc,2/13/22,3,Active
1384,Vo Manh Mai,4/3/24,1,Active
1385,Le Thi Binh,1/6/21,2,Left
1386,Hoang Quang Phuc,9/18/23,2,Active
1387,Vo Manh Son,12/29/20,3,Left
1388,Bui Ngoc Giang,9/20/22,3,Active
1389,Bui Tuan Nga,4/2/23,1,Active
1390,Pham Minh Ngoc,5/10/22,3,Active
1391,Nguyen Huu Lan,3/11/25,1,Active
1392,Le Huu An,12/15/23,1,Active
1393,Huynh Phuong Hang,3/13/25,1,Left
1394,Tran Thanh Binh,5/8/22,3,Active
1395,Dang Quang Trang,3/5/25,3,Active
1396,Huynh Van Tung,3/16/23,2,Left
1397,Nguyen Thi An,10/30/23,2,Left
1398,Nguyen Thi Phat,1/4/24,2,Left
1399,Do Ngoc Dung,6/9/22,3,Left
1400,Vo Quang Quyen,1/30/21,2,Left
1401,Le Huu An,1/27/23,3,Active
1402,Hoang Ngoc Dung,2/20/25,3,Active
1403,Vo Quang Tung,10/21/24,2,Active
1404,Huynh Minh Phat,5/30/23,1,Left
1405,Tran Phuong Tung,5/2/25,2,Active
1406,Tran Quang Dung,1/14/22,2,Active
1407,Tran Tuan Khanh,9/2/22,2,Active
1408,Huynh Huu Linh,3/19/23,3,Left
1409,Vo Huu Nga,10/26/23,3,Active
1410,Dang Quang Hang,6/2/21,2,Left
1411,Nguyen Phuong Quyen,8/15/24,1,Left
1412,Pham Tuan Nam,4/1/23,3,Left
1413,Pham Van An,6/7/25,3,Active
1414,Tran Thi Tuan,11/20/21,3,Left
1415,Do Minh Chau,4/11/21,3,Left
1416,Vo Thi Dung,3/5/24,3,Active
1417,Hoang Huu Phuc,7/8/22,2,Left
1418,Hoang Quang Phuc,10/24/23,1,Active
1419,Nguyen Thi Hang,11/19/20,3,Active
1420,Nguyen Quang Nga,7/22/23,3,Active
1421,Bui Ngoc Dung,2/21/24,,Left
1422,Tran Van An,1/23/23,1,Left
1423,Le Minh Nam,8/1/24,1,Active
1424,Bui Tuan Tung,5/15/25,3,Active
1425,Hoang Thi Nga,10/29/20,3,Left
1426,Bui Minh Dung,2/15/21,3,Left
1427,Dang Ngoc Phuc,7/4/21,3,Active
1428,Hoang Ngoc Quyen,8/9/22,3,Active
1429,Dang Minh Dung,1/1/23,1,Left
1430,Le Van Hang,1/11/23,3,Left
1431,Tran Ngoc Tuan,6/18/21,3,Left
1432,Do Manh Phuc,11/13/24,3,Active
1433,Le Manh Ngoc,4/24/21,3,Left
1434,Bui Manh An,6/10/24,,Left
1435,Le Tuan Quyen,9/7/22,2,Left
1436,Tran Ngoc Phuc,9/10/22,2,Active
1437,Nguyen Thi Linh,9/4/20,3,Left
1438,Bui Van Son,8/20/22,2,Left
1439,Huynh Manh Lan,7/14/22,,Left
1440,Bui Phuong Son,4/25/24,3,Left
1441,Huynh Thi Phat,5/12/21,3,Active
1442,Pham Tuan Nga,8/6/24,2,Active
1443,Dang Minh Trang,6/3/22,3,Left
1444,Huynh Van An,6/3/22,1,Left
1445,Le Phuong Quyen,10/2/23,2,Left
1446,Do Minh Chau,6/22/21,2,Active
1447,Do Thanh Lan,9/18/21,,Active
1448,Bui Quang Binh,5/22/23,2,Left
1449,Vo Huu Trang,10/24/20,3,Active
1450,Dang Ngoc Lan,9/19/23,3,Active
1451,Tran Tuan Phuc,7/22/23,2,Left
1452,Huynh Tuan Chau,10/17/21,1,Left
1453,Do Tuan Nam,6/14/23,2,Left
1454,Tran Tuan An,5/11/25,1,Left
1455,Tran Ngoc Phat,5/9/24,3,Active
1456,Nguyen Phuong Trang,7/11/23,1,Active
1457,Nguyen Thi Tung,4/26/23,3,Left
1458,Huynh Quang Son,10/2/24,3,Left
1459,Vo Huu Phuc,12/30/22,2,Left
1460,Bui Thanh Binh,6/27/23,2,Left
1461,Pham Tuan Nam,3/5/22,3,Active
1462,Vo Manh Tung,3/17/24,3,Left
1463,Do Thanh Phuc,10/26/24,1,Active
1464,Tran Thi Lan,2/15/25,3,Active
1465,Nguyen Thanh Nga,12/18/21,1,Active
1466,Hoang Phuong Son,2/20/25,3,Left
1467,Bui Thi Binh,5/1/22,3,Left
1468,Le Tuan Giang,3/21/22,1,Left
1469,Dang Thi Linh,5/21/22,1,Left
1470,Huynh Huu Khanh,4/5/23,1,Left
1471,Tran Ngoc Khanh,9/18/23,3,Active
1472,Do Huu Nam,7/9/22,3,Active
1473,Tran Ngoc Binh,10/2/22,2,Left
1474,Huynh Thi Phuc,9/1/23,3,Active
1475,Do Manh Son,5/7/21,3,Active
1476,Le Tuan An,4/8/22,3,Active
1477,Vo Van Trang,5/25/25,1,Left
1478,Dang Manh Quyen,2/19/25,1,Active
1479,Vo Minh Tuan,11/10/24,1,Left
1480,Le Minh Dung,8/30/23,1,Left
1481,Dang Manh Tung,10/21/23,2,Left
1482,Bui Phuong Ngoc,12/6/22,2,Active
1483,Dang Manh Lan,9/25/20,3,Left
1484,Hoang Ngoc Nam,2/17/25,3,Active
1485,Hoang Tuan Giang,7/23/24,3,Left
1486,Le Ngoc Tung,6/11/24,3,Left
1487,Vo Quang Trang,8/28/24,2,Active
1488,Bui Phuong Khanh,10/5/20,1,Left
1489,Pham Huu Tung,3/7/24,3,Left
1490,Hoang Thanh Giang,12/29/23,1,Left
1491,Le Phuong Trang,12/20/23,3,Active
1492,Bui Thi Nga,10/23/23,2,Active
1493,Vo Tuan Tuan,2/26/23,2,Left
1494,Huynh Ngoc Trang,11/6/23,3,Active
1495,Hoang Ngoc An,3/27/25,1,Left
1496,Vo Thi An,6/23/23,3,Active
1497,Dang Minh Binh,5/3/25,3,Active
1498,Nguyen Huu Linh,5/14/25,3,Left
1499,Le Quang Linh,10/14/21,3,Active
1500,Le Van Mai,7/15/21,3,Active
1501,Pham Phuong Binh,9/19/22,2,Active
1502,Bui Tuan Dung,9/16/23,3,Left
1503,Huynh Phuong Lan,10/6/22,3,Left
1504,Vo Ngoc Lan,3/10/24,3,Active
1505,Vo Quang Binh,3/9/21,3,Left
1506,Dang Ngoc Phat,1/1/24,3,Active
1507,Bui Phuong Binh,8/13/24,2,Active
1508,Nguyen Quang Khanh,12/7/22,1,Active
1509,Huynh Tuan Lan,7/3/23,2,Active
1510,Bui Manh Trang,1/21/21,1,Left
1511,Huynh Huu Khanh,4/10/22,3,Left
1512,Hoang Tuan Hang,9/5/23,2,Active
1513,Tran Minh Hang,4/16/25,3,Left
1514,Vo Thi Ngoc,11/4/24,3,Active
1515,Nguyen Ngoc Linh,1/29/23,2,Left
1516,Vo Quang Giang,7/3/21,1,Left
1517,Le Manh Linh,4/22/22,1,Active
1518,Nguyen Thanh Phuc,10/5/20,2,Active
1519,Le Van Giang,3/19/21,3,Active
1520,Bui Manh Binh,8/18/23,1,Active
1521,Huynh Quang Quyen,11/6/23,3,Left
1522,Huynh Phuong Nga,10/6/22,2,Active
1523,Tran Thanh Son,10/11/23,2,Active
1524,Pham Minh Son,4/5/23,3,Active
1525,Tran Phuong Hang,7/25/23,2,Active
1526,Dang Phuong Trang,8/17/24,3,Left
1527,Dang Thi Nga,11/14/22,1,Left
1528,Pham Huu Nam,10/13/24,,Active
1529,Bui Thanh Mai,12/6/21,2,Left
1530,Pham Manh Son,5/18/24,3,Active
1531,Do Phuong An,1/27/21,3,Active
1532,Tran Thanh Phuc,7/31/20,3,Active
1533,Pham Manh Tung,8/2/21,2,Active
1534,Pham Van Nam,8/10/23,1,Left
1535,Dang Thi Ngoc,12/15/24,2,Active
1536,Hoang Phuong Mai,1/9/23,3,Active
1537,Nguyen Phuong Nga,1/22/22,3,Active
1538,Vo Phuong Phuc,8/31/23,1,Active
1539,Do Van Mai,7/11/20,1,Active
1540,Pham Thanh Son,1/28/21,2,Active
1541,Tran Thi Hang,3/23/21,1,Left
1542,Vo Phuong An,2/4/25,2,Active
1543,Tran Huu Khanh,12/13/21,1,Active
1544,Dang Thi Khanh,1/16/25,2,Active
1545,Vo Ngoc Chau,8/31/21,2,Left
1546,Le Van Phuc,6/22/20,2,Left
1547,Bui Van Chau,9/29/22,3,Active
1548,Tran Van Hang,8/26/24,1,Active
1549,Hoang Phuong Chau,8/13/23,1,Active
1550,Huynh Huu Linh,4/20/22,3,Left
1551,Dang Ngoc Phuc,9/30/22,3,Active
1552,Dang Ngoc Nam,3/22/21,1,Left
1553,Nguyen Ngoc Dung,1/3/21,1,Active
1554,Vo Van Tung,10/1/23,1,Active
1555,Tran Manh Binh,6/14/22,3,Active
1556,Tran Thanh Son,12/16/20,3,Active
1557,Tran Quang Mai,7/7/24,3,Active
1558,Huynh Thi Mai,2/21/21,1,Active
1559,Do Ngoc Ngoc,3/24/25,3,Active
1560,Nguyen Tuan Hang,7/21/24,3,Active
1561,Vo Huu Giang,3/11/25,2,Active
1562,Dang Phuong Mai,1/11/25,3,Active
1563,Le Quang Nga,7/9/20,1,Active
1564,Nguyen Phuong Trang,10/29/20,2,Left
1565,Le Thi Binh,8/21/23,3,Active
1566,Nguyen Manh Tung,3/14/25,2,Left
1567,Dang Phuong Trang,2/16/24,3,Active
1568,Tran Quang Khanh,8/4/24,2,Active
1569,Bui Huu Phat,8/24/20,3,Actv
1570,Vo Minh Hang,5/26/22,1,Lft
1571,Le Huu Tung,5/17/25,,Lft
1572,Hoang Huu Dung,4/29/23,2,Lft
1573,Le Manh Binh,2/9/25,1,Active
1574,Vo Tuan Trang,8/18/24,1,Left
1575,Tran Quang Chau,10/28/24,3,Active
1576,Hoang Thi Khanh,6/1/24,3,Active
1577,Huynh Tuan Nam,3/16/23,3,Left
1578,Bui Minh Lan,2/12/22,1,Left
1579,Tran Quang Tung,7/15/23,3,Left
1580,Tran Huu Nam,3/5/25,1,Active
1581,Do Tuan Nam,9/11/24,3,Active
1582,Huynh Quang Tuan,2/2/24,3,Active
1583,Le Manh Tuan,12/27/21,3,Active
1584,Bui Thanh Phat,5/27/21,2,Left
1585,Le Van Nam,1/4/21,3,Active
1586,Pham Huu Phat,6/28/20,3,Active
1587,Hoang Thanh Giang,4/9/22,3,Left
1588,Bui Tuan Phuc,2/9/23,1,Left
1589,Do Thanh Mai,1/21/21,2,Active
1590,Do Phuong Dung,11/23/24,2,Left
1591,Le Manh Chau,2/26/21,3,Left
1592,Hoang Minh Trang,3/6/23,1,Actv
1593,Pham Quang Chau,8/24/23,3,Active
1594,Tran Van Son,5/2/21,3,Left
1595,Nguyen Manh Tuan,11/17/21,2,Left
1596,Dang Manh Khanh,11/10/22,3,Active
1597,Nguyen Phuong Linh,7/27/20,3,Left
1598,Vo Phuong Quyen,11/11/22,1,Active
1599,Le Thanh Ngoc,11/7/23,3,Left
1600,Pham Manh Mai,1/1/24,3,Left
1601,Le Tuan Son,9/24/21,1,Left
1602,Vo Thi Ngoc,10/13/20,1,Left
1603,Bui Phuong An,1/14/24,3,Left
1604,Pham Manh Hang,6/13/22,3,Left
1605,Vo Minh Phuc,12/23/23,3,Active
1606,Le Minh Tuan,3/24/23,3,Active
1607,Huynh Minh Quyen,8/3/20,1,Left
1608,Bui Van Lan,7/12/24,1,Active
1609,Do Huu Chau,12/26/24,3,Active
1610,Hoang Thanh Lan,3/25/21,1,Active
1611,Nguyen Huu Son,7/3/24,1,Left
1612,Bui Ngoc Quyen,6/28/21,2,Left
1613,Do Van Binh,12/26/24,2,Left
1614,Bui Thi Son,12/3/24,,Active
1615,Hoang Quang Tuan,12/3/21,3,Left
1616,Vo Manh Hang,4/18/24,1,Active
1617,Dang Ngoc Nga,11/7/24,3,Left
1618,Huynh Thi Son,11/14/20,1,Left
1619,Hoang Ngoc Lan,7/6/23,1,Active
1620,Vo Ngoc Nga,9/27/23,3,Active
1621,Bui Tuan Quyen,10/11/22,3,Left
1622,Huynh Van Son,11/19/20,3,Left
1623,Le Tuan Hang,4/2/22,1,Left
1624,Pham Thi Son,10/10/22,3,Active
1625,Hoang Huu Giang,10/14/20,3,Left
1626,Le Minh Nga,12/19/24,3,Active
1627,Huynh Thi Lan,10/20/24,3,Left
1628,Dang Thanh Dung,5/16/22,3,Active
1629,Do Tuan Quyen,5/24/23,3,Left
1630,Pham Manh Hang,1/25/24,2,Left
1631,Dang Van Lan,1/16/24,2,Left
1632,Nguyen Minh Tuan,7/30/21,1,Active
1633,Huynh Minh Giang,5/8/24,2,Active
1634,Vo Van Tuan,10/22/22,2,Left
1635,Le Van Hang,9/19/23,3,Active
1636,Hoang Minh Son,4/26/24,3,Left
1637,Dang Manh Tuan,12/13/21,2,Active
1638,Nguyen Quang Chau,12/14/24,3,Left
1639,Pham Tuan Tung,10/22/22,3,Left
1640,Do Tuan Hang,5/10/24,1,Active
1641,Pham Ngoc Tung,6/6/21,3,Left
1642,Le Manh Hang,2/7/22,1,Left
1643,Huynh Phuong Linh,10/6/23,1,Active
1644,Le Thanh Phuc,1/8/21,1,Active
1645,Huynh Manh Chau,8/11/22,1,Active
1646,Pham Ngoc Ngoc,4/24/24,2,Left
1647,Le Thi An,7/18/24,3,Active
1648,Pham Phuong Son,9/29/24,3,Left
1649,Dang Minh Tung,5/17/24,2,Active
1650,Tran Minh Quyen,7/24/20,1,Active
1651,Huynh Manh Binh,9/10/24,3,Left
1652,Vo Phuong Dung,11/11/23,2,Left
1653,Tran Tuan Giang,10/26/21,3,Active
1654,Huynh Phuong An,9/12/21,1,Active
1655,Dang Phuong Phat,6/10/22,3,Active
1656,Bui Van Son,8/14/23,3,Active
1657,Dang Huu Quyen,6/22/22,3,Left
1658,Dang Thanh Tuan,6/20/22,3,Left
1659,Huynh Thi Phat,10/20/21,1,Left
1660,Le Quang Quyen,11/4/21,1,Left
1661,Pham Thi Mai,1/2/23,1,Active
1662,Huynh Phuong Phat,9/17/23,3,Lft
1663,Hoang Huu An,8/14/20,2,Left
1664,Nguyen Manh Son,4/2/24,2,Lft
1665,Tran Phuong An,5/19/23,3,Active
1666,Dang Huu Nam,4/14/22,3,Active
1667,Dang Thanh Dung,7/8/24,3,Active
1668,Le Ngoc Tuan,11/19/24,1,Active
1669,Hoang Quang Trang,8/10/22,3,Active
1670,Dang Manh Nga,1/19/24,3,Active
1671,Huynh Quang Ngoc,4/19/24,,Lefft
1672,Pham Ngoc Trang,5/18/21,2,Active
1673,Vo Tuan Hang,10/10/21,3,Left
1674,Bui Phuong Trang,2/4/22,2,Active
1675,Do Quang Mai,5/8/22,1,Left
1676,Huynh Thanh Ngoc,4/14/21,2,Actv
1677,Le Thi Lan,5/9/23,1,Actv
1678,Do Minh Dung,3/19/21,2,Left
1679,Pham Phuong Ngoc,10/5/24,1,Left
1680,Bui Phuong Tung,10/5/24,3,Left
1681,Nguyen Minh Ngoc,12/22/23,1,Left
1682,Nguyen Thi Giang,8/21/24,3,Left
1683,Do Manh Phat,7/11/20,1,Active
1684,Tran Thi Linh,5/25/21,2,Active
1685,Pham Thanh Chau,7/12/23,2,Left
1686,Huynh Van Ngoc,7/15/23,3,Left
1687,Dang Manh Son,10/29/20,3,Active
1688,Hoang Manh Binh,12/9/22,3,Left
1689,Le Tuan Phuc,8/18/20,3,Active
1690,Nguyen Huu Son,4/11/23,2,Left
1691,Hoang Huu Binh,8/20/22,1,Left
1692,Huynh Phuong Son,4/10/21,1,Active
1693,Pham Manh Hang,7/29/23,3,Left
1694,Nguyen Thanh Lan,3/19/24,2,Active
1695,Nguyen Minh Chau,7/9/24,3,Active
1696,Hoang Ngoc Nga,11/21/23,1,Active
1697,Dang Ngoc Tuan,4/3/21,2,Active
1698,Pham Phuong An,11/5/23,2,Active
1699,Tran Thi Trang,5/8/24,3,Active
1700,Hoang Phuong Tuan,2/12/23,3,Active
1701,Bui Thanh Linh,4/6/24,1,Left
1702,Pham Manh Khanh,7/10/21,3,Lefft
1703,Do Ngoc Tuan,9/30/24,3,Left
1704,Nguyen Quang Hang,11/6/23,3,Lefft
1705,Dang Phuong Dung,6/30/20,1,Lefft
1706,Vo Thi Son,4/19/22,3,Actv
1707,Hoang Thanh Dung,9/4/21,3,Active
1708,Vo Quang Trang,11/30/21,1,Left
1709,Huynh Quang Phuc,7/2/24,3,Active
1710,Dang Manh Quyen,6/21/23,3,Lefft
1711,Pham Thanh Phuc,12/15/24,3,Lefft
1712,Do Manh An,4/2/23,2,Active
1713,Do Thi Linh,1/8/23,1,Left
1714,Tran Ngoc Lan,1/23/23,1,Active
1715,Pham Thanh Phat,4/30/21,1,Active
1716,Bui Phuong Trang,10/8/20,3,Active
1717,Nguyen Quang Lan,1/12/23,1,Active
1718,Hoang Thi Ngoc,5/14/22,3,Left
1719,Bui Thi Trang,8/21/23,1,Active
1720,Le Tuan Nam,4/16/25,2,Left
1721,Bui Huu Tuan,9/19/21,,Active
1722,Hoang Minh Khanh,12/1/23,3,Left
1723,Do Huu Lan,5/28/24,3,Active
1724,Pham Quang Khanh,9/27/22,2,Left
1725,Pham Huu Lan,7/27/22,3,Active
1726,Huynh Thanh Giang,9/21/21,3,Active
1727,Tran Thi Chau,8/25/24,3,Active
1728,Do Manh An,6/26/23,2,Left
1729,Vo Van Quyen,8/10/24,3,Active
1730,Bui Manh Nam,12/6/21,3,Left
1731,Do Manh Linh,12/24/24,3,Active
1732,Do Minh Son,9/30/21,1,Left
1733,Hoang Ngoc Lan,5/11/22,2,Left
1734,Huynh Minh Binh,8/16/20,3,Active
1735,Vo Ngoc Quyen,4/9/25,2,Left
1736,Vo Van Son,12/24/22,3,Left
1737,Bui Ngoc Hang,2/1/22,2,Left
1738,Do Thi Son,1/28/25,1,Active
1739,Do Thanh An,4/29/23,3,Left
1740,Nguyen Huu Ngoc,6/20/22,1,Active
1741,Huynh Thi Nam,6/6/21,3,Left
1742,Bui Manh Linh,4/28/22,1,Left
1743,Le Phuong Linh,10/13/20,3,Left
1744,Pham Quang Quyen,6/12/21,3,Active
1745,Huynh Thanh Nga,9/30/21,3,Left
1746,Le Tuan Phat,1/21/24,1,Active
1747,Pham Ngoc Nga,3/13/24,1,Left
1748,Bui Ngoc Linh,6/22/24,2,Active
1749,Do Minh Tuan,10/11/22,1,Active
1750,Le Manh Lan,10/29/23,3,Active
1751,Tran Quang Lan,1/3/23,3,Left
1752,Vo Ngoc Ngoc,6/11/21,3,Active
1753,Pham Minh Giang,3/20/24,3,Active
1754,Do Van Hang,9/20/23,1,Active
1755,Dang Tuan Giang,5/16/22,2,Left
1756,Vo Phuong Nam,12/26/23,2,Left
1757,Do Quang Linh,7/18/24,2,Active
1758,Vo Manh Binh,12/2/20,3,Left
1759,Dang Thi Hang,5/11/22,3,Active
1760,Nguyen Huu Linh,3/10/21,2,Left
1761,Do Thi Phuc,1/8/25,3,Left
1762,Bui Quang Nga,7/5/20,3,Active
1763,Bui Phuong Trang,11/22/21,1,Active
1764,Hoang Thanh An,4/19/23,1,Active
1765,Dang Thi Nga,7/10/23,3,Active
1766,Huynh Huu Tuan,9/4/24,3,Left
1767,Huynh Phuong Hang,10/18/24,2,Active
1768,Hoang Thanh Nam,9/7/20,1,Left
1769,Vo Tuan Phuc,9/11/22,3,Active
1770,Tran Ngoc Tung,4/3/21,2,Left
1771,Hoang Tuan Giang,12/31/24,3,Active
1772,Le Thanh Phat,9/25/23,2,Left
1773,Huynh Manh Ngoc,10/2/21,1,Actv
1774,Tran Thi Hang,8/9/22,3,Left
1775,Bui Huu Nam,3/10/21,3,Left
1776,Bui Quang Linh,9/24/21,3,Left
1777,Huynh Ngoc Linh,4/10/24,3,Left
1778,Do Thanh Tuan,1/29/25,3,Active
1779,Vo Tuan Phat,2/4/25,3,Active
1780,Le Minh An,5/21/24,1,Active
1781,Le Huu Linh,1/11/23,2,Left
1782,Tran Huu Hang,2/24/23,3,Left
1783,Dang Thi Dung,5/1/22,2,Left
1784,Tran Tuan Trang,1/19/22,3,Left
1785,Nguyen Van Ngoc,9/4/20,3,Left
1786,Vo Thi Dung,2/18/21,1,Active
1787,Hoang Manh Giang,8/22/21,1,Active
1788,Tran Ngoc Mai,5/11/22,3,Left
1789,Pham Huu Mai,6/16/24,3,Left
1790,Do Minh Giang,12/12/20,1,Left
1791,Vo Minh An,1/16/21,3,Left
1792,Nguyen Thanh Nam,7/22/21,2,Active
1793,Do Tuan Trang,2/17/24,2,Active
1794,Hoang Phuong Phuc,8/18/23,1,Active
1795,Le Phuong Hang,2/22/22,3,Active
1796,Huynh Manh Phuc,2/13/23,1,Active
1797,Huynh Ngoc Son,7/15/21,2,Left
1798,Vo Quang Nga,10/27/20,3,Left
1799,Do Phuong Lan,2/1/23,2,Active
1800,Tran Tuan Mai,8/28/23,1,Left
1801,Bui Ngoc Linh,12/9/21,1,Active
1802,Le Quang An,12/4/21,2,Left
1803,Nguyen Phuong Giang,4/17/24,1,Active
1804,Bui Quang Quyen,1/16/25,2,Left
1805,Vo Van Quyen,12/12/21,3,Left
1806,Do Quang An,9/18/23,3,Active
1807,Dang Quang Tung,3/29/22,3,Active
1808,Pham Van Trang,8/1/22,3,Left
1809,Bui Huu Phat,1/20/24,3,Left
1810,Vo Ngoc Ngoc,5/21/23,3,Left
1811,Pham Minh Ngoc,10/13/22,2,Active
1812,Dang Huu Linh,8/5/21,3,Left
1813,Tran Ngoc Lan,6/3/23,3,Active
1814,Vo Manh Linh,2/13/24,3,Left
1815,Hoang Phuong Linh,5/18/24,3,Left
1816,Dang Huu Chau,8/7/24,3,Left
1817,Le Minh Mai,1/1/21,2,Left
1818,Tran Tuan Tung,8/7/23,3,Active
1819,Do Quang Tung,6/20/20,3,Active
1820,Do Huu Nam,3/5/24,2,Active
1821,Nguyen Minh Binh,1/9/24,3,Left
1822,Vo Van Hang,3/20/24,1,Left
1823,Tran Quang Linh,6/23/22,1,Left
1824,Le Tuan An,4/6/24,3,Left
1825,Pham Thi Giang,8/23/24,3,Active
1826,Nguyen Tuan Khanh,4/25/21,2,Left
1827,Bui Ngoc Mai,2/6/21,2,Active
1828,Do Thanh Phuc,10/4/20,3,Left
1829,Nguyen Thanh Chau,10/2/22,1,Active
1830,Le Van Linh,12/27/20,3,Active
1831,Dang Thi Trang,10/25/23,3,Left
1832,Do Minh Khanh,1/19/21,3,Left
1833,Hoang Ngoc An,8/31/23,1,Active
1834,Tran Huu Ngoc,1/7/21,1,Active
1835,Do Huu Binh,5/12/24,3,Active
1836,Pham Tuan Dung,8/5/24,1,Lefft
1837,Vo Huu Quyen,4/20/24,1,Active
1838,Dang Quang Nam,8/3/22,3,Active
1839,Le Van Trang,4/9/24,3,Active
1840,Vo Thi Linh,12/27/23,2,Left
1841,Do Quang Khanh,3/18/23,3,Lefft
1842,Bui Van Khanh,6/29/22,3,Left
1843,Tran Huu Phat,2/17/21,2,Active
1844,Bui Van Hang,12/13/21,2,Active
1845,Hoang Manh Dung,12/27/21,3,Left
1846,Dang Huu An,4/5/22,1,Left
1847,Nguyen Manh Quyen,6/22/22,3,Active
1848,Huynh Minh Nga,9/27/23,3,Active
1849,Tran Huu Hang,9/28/20,3,Left
1850,Do Thi Tung,5/12/23,3,Active
1851,Bui Van Binh,6/27/20,1,Active
1852,Bui Minh Trang,8/14/23,2,Left
1853,Tran Minh Quyen,11/12/20,3,Left
1854,Pham Thanh Trang,6/13/25,1,Active
1855,Bui Tuan Khanh,5/26/24,3,Active
1856,Nguyen Ngoc Nga,2/2/24,3,Active
1857,Le Quang Binh,4/17/21,3,Left
1858,Do Tuan Trang,4/18/24,2,Active
1859,Hoang Phuong Quyen,6/16/21,1,Lefft
1860,Pham Manh Hang,3/10/24,2,Left
1861,Vo Thanh Nam,10/27/23,1,Lefft
1862,Do Quang Tung,5/13/25,2,Active
1863,Vo Minh Chau,3/15/24,3,Active
1864,Vo Minh Phuc,6/16/21,2,Active
1865,Hoang Quang Trang,7/27/24,3,Active
1866,Bui Tuan An,9/19/20,3,Active
1867,Vo Ngoc Hang,9/3/21,3,Active
1868,Nguyen Manh Nga,7/5/20,3,Left
1869,Huynh Huu Nam,9/29/22,3,Left
1870,Tran Phuong Ngoc,3/20/21,3,Active
1871,Pham Phuong Quyen,4/11/24,1,Left
1872,Vo Minh Tung,1/21/22,3,Active
1873,Hoang Thanh Phat,12/19/22,3,Active
1874,Bui Thi Dung,12/19/24,1,Active
1875,Vo Thi Binh,3/18/25,3,Left
1876,Le Minh Binh,3/8/21,3,Active
1877,Pham Thi Quyen,10/12/20,3,Active
1878,Pham Thi Binh,7/2/23,3,Left
1879,Huynh Ngoc Quyen,2/27/21,1,Left
1880,Vo Manh Tuan,8/11/23,1,Active
1881,Hoang Van Nga,3/22/25,3,Left
1882,Pham Manh Chau,4/5/22,1,Active
1883,Nguyen Huu Quyen,2/26/24,3,Active
1884,Tran Tuan Binh,10/7/20,2,Left
1885,Bui Phuong Phat,3/3/23,2,Active
1886,Bui Van Tung,10/2/22,2,Active
1887,Hoang Phuong Binh,11/1/22,2,Active
1888,Tran Quang Chau,7/14/22,1,Active
1889,Pham Phuong Dung,4/14/22,3,Left
1890,Tran Huu Trang,9/9/23,1,Active
1891,Dang Huu Khanh,2/16/22,3,Left
1892,Vo Huu Tuan,5/24/23,2,Active
1893,Le Phuong Trang,4/16/21,3,Active
1894,Dang Thi Tuan,4/13/23,3,Active
1895,Bui Tuan Phat,8/9/24,2,Active
1896,Tran Minh Hang,1/11/21,3,Left
1897,Vo Ngoc Son,11/25/24,1,Active
1898,Bui Minh Trang,8/19/24,3,Left
1899,Huynh Tuan Nga,3/28/25,3,Active
1900,Bui Phuong Nam,6/19/24,3,Left
1901,Bui Ngoc Phat,3/13/25,2,Left
1902,Bui Manh Lan,10/19/22,3,Active
1903,Huynh Phuong Khanh,6/28/22,2,Active
1904,Dang Phuong Linh,1/19/25,3,Left
1905,Bui Tuan Phuc,1/30/22,3,Active
1906,Dang Van Binh,1/5/25,2,Active
1907,Hoang Manh An,6/29/22,2,Lefft
1908,Vo Minh Mai,1/19/22,2,Active
1909,Nguyen Quang Lan,10/6/23,3,Active
1910,Pham Thanh An,5/22/23,2,Active
1911,Hoang Phuong Son,12/21/22,2,Active
1912,Vo Manh Tuan,3/5/25,3,Left
1913,Le Thi Binh,4/1/22,3,Active
1914,Do Thanh Giang,1/12/23,3,Left
1915,Le Quang Nga,11/2/22,2,Left
1916,Huynh Huu Lan,8/8/20,3,Active
1917,Hoang Quang Chau,7/31/22,3,Active
1918,Huynh Ngoc Tuan,3/30/23,1,Active
1919,Pham Thi Nam,9/27/21,1,Active
1920,Do Minh Quyen,3/6/24,3,Active
1921,Huynh Thi Tung,11/28/24,3,Active
1922,Hoang Van Tuan,3/29/21,2,Left
1923,Dang Thi Binh,11/27/20,2,Left
1924,Bui Thanh Phat,2/19/25,3,Left
1925,Dang Thi Lan,4/13/25,2,Active
1926,Huynh Van Ngoc,10/2/20,2,Active
1927,Nguyen Quang Son,6/22/22,1,Active
1928,Nguyen Thanh Trang,2/8/25,3,Left
1929,Huynh Minh Nam,7/23/20,1,Active
1930,Vo Huu Giang,8/7/22,2,Active
1931,Nguyen Ngoc Phuc,4/20/25,3,Left
1932,Huynh Manh Son,7/8/21,3,Left
1933,Tran Huu Phat,2/3/24,1,Left
1934,Hoang Ngoc Giang,3/4/24,3,Left
1935,Le Thanh Chau,11/7/24,3,Left
1936,Do Manh Binh,12/28/22,3,Left
1937,Vo Ngoc Linh,4/20/21,3,Active
1938,Tran Ngoc Son,8/21/21,3,Active
1939,Dang Minh Giang,1/10/22,3,Active
1940,Do Phuong Khanh,12/19/24,3,Active
1941,Do Ngoc Tuan,6/29/20,2,Active
1942,Pham Phuong Tung,8/3/21,2,Left
1943,Vo Huu Lan,3/19/21,2,Active
1944,Tran Quang Phat,9/21/24,3,Left
1945,Bui Manh Chau,8/8/20,3,Left
1946,Tran Ngoc Phat,9/19/22,2,Left
1947,Bui Thanh Khanh,10/9/20,3,Active
1948,Bui Thanh Tung,11/3/22,2,Active
1949,Nguyen Quang Hang,5/7/21,1,Active
1950,Bui Manh Phuc,8/29/23,3,Left
1951,Huynh Minh Phuc,9/29/23,2,Active
1952,Nguyen Huu Khanh,1/19/25,2,Left
1953,Bui Minh Chau,5/26/21,3,Left
1954,Tran Van Lan,5/2/24,3,Left
1955,Huynh Minh Mai,12/17/21,3,Left
1956,Nguyen Thanh Dung,4/21/25,3,Active
1957,Hoang Tuan Quyen,3/19/21,3,Left
1958,Nguyen Thanh Khanh,12/20/24,1,Left
1959,Vo Huu Khanh,12/9/22,1,Left
1960,Vo Phuong Linh,9/20/22,1,Active
1961,Vo Tuan Tung,7/21/22,2,Active
1962,Le Van Ngoc,9/6/24,2,Left
1963,Huynh Phuong Binh,4/8/25,3,Active
1964,Hoang Minh Binh,9/7/20,3,Left
1965,Hoang Huu Tung,3/22/24,1,Active
1966,Hoang Van Phuc,11/13/22,2,Left
1967,Nguyen Thi Ngoc,5/20/23,3,Active
1968,Hoang Thanh Dung,6/16/24,1,Active
1969,Nguyen Quang Ngoc,7/8/23,3,Active
1970,Pham Ngoc Son,7/22/21,1,Active
1971,Tran Thanh Quyen,11/5/20,3,Active
1972,Huynh Phuong Chau,9/27/22,2,Active
1973,Le Huu Son,1/9/22,2,Active
1974,Do Phuong An,3/14/24,1,Active
1975,Nguyen Huu Son,4/25/22,3,Active
1976,Hoang Thanh Quyen,6/20/20,2,Active
1977,Dang Minh An,10/6/20,3,Active
1978,Bui Thanh Nga,1/7/24,3,Left
1979,Hoang Huu Son,6/24/22,3,Left
1980,Hoang Van Linh,1/31/21,2,Active
1981,Dang Van Trang,3/10/21,3,Active
1982,Hoang Huu Giang,12/10/20,3,Left
1983,Bui Ngoc Giang,6/2/21,3,Active
1984,Tran Ngoc Son,9/24/22,3,Left
1985,Huynh Huu Phat,11/15/21,3,Active
1986,Pham Manh Giang,11/1/23,2,Left
1987,Dang Quang Tung,1/12/22,1,Active
1988,Bui Tuan Trang,9/24/24,1,Active
1989,Le Huu Giang,8/2/21,3,Active
1990,Huynh Phuong Khanh,6/7/21,2,Left
1991,Le Quang Son,10/28/23,1,Active
1992,Le Ngoc Giang,7/26/21,2,Left
1993,Huynh Minh Nam,12/15/21,3,Active
1994,Tran Phuong Trang,10/3/23,2,Left
1995,Tran Minh Nam,11/22/22,3,Left
1996,Le Van Nam,6/15/24,2,Active
1997,Dang Ngoc Mai,10/5/23,1,Active
1998,Do Quang Giang,1/31/23,2,Active
1999,Pham Thi Giang,5/25/25,3,Left
2000,Le Van Tung,1/14/21,2,Active
2001,Huynh Quang Tung,,2,Active
2002,Huynh Manh Lan,7/15/24,3,Active
2003,Huynh Huu Lan,1/5/24,1,Left
2004,Nguyen Thanh Chau,5/26/21,3,Left
2005,Do Minh Son,8/23/20,1,Active
2006,Huynh Tuan Nga,12/25/20,3,Active
2007,Le Ngoc Quyen,9/19/24,3,Left
2008,Do Minh Hang,12/27/20,3,Left
2009,Pham Huu Binh,9/17/20,3,Active
2010,Dang Van Linh,3/8/25,2,Left
2011,Dang Huu Khanh,1/3/21,3,Left
2012,Pham Thi Hang,3/2/23,2,Left
2013,Do Manh Quyen,3/11/23,1,Active
2014,Bui Tuan Lan,10/11/24,1,Active
2015,Dang Ngoc Binh,6/2/22,3,Left
2016,Huynh Ngoc Nam,6/15/24,1,Active
2017,Dang Manh Tuan,10/12/22,2,Active
2018,Huynh Phuong Son,12/18/23,3,Active
2019,Nguyen Phuong Dung,8/2/24,1,Left
2020,Do Tuan Binh,2/14/22,2,Active
2021,Pham Phuong Trang,5/20/24,2,Left
2022,Dang Van Trang,10/19/23,3,Active
2023,Dang Phuong Binh,12/12/22,1,Active
2024,Pham Quang Phuc,9/4/24,3,Active
2025,Dang Quang Mai,7/22/23,2,Active
2026,Do Minh Phat,8/28/24,2,Active
2027,Hoang Manh Binh,2/12/24,3,Left
2028,Vo Minh Phuc,12/13/22,2,Active
2029,Do Thi Son,6/8/21,2,Left
2030,Tran Minh Tuan,5/10/24,1,Left
2031,Vo Minh Ngoc,6/20/23,1,Active
2032,Dang Thanh Phuc,5/14/21,1,Left
2033,Nguyen Minh Phuc,12/29/21,2,Active
2034,Huynh Huu Phuc,4/25/21,2,Active
2035,Tran Quang Nam,9/27/22,2,Active
2036,Le Thi Chau,5/8/25,1,Active
2037,Tran Tuan Nga,8/9/21,3,Active
2038,Tran Phuong Ngoc,3/19/21,1,Left
2039,Vo Manh Hang,6/11/23,1,Left
2040,Dang Phuong Ngoc,7/18/22,3,Left
2041,Nguyen Minh Nam,6/5/23,1,Left
2042,Huynh Minh Hang,,2,Active
2043,Le Minh Binh,2/18/25,3,Left
2044,Dang Quang Mai,7/20/24,3,Left
2045,Do Quang Hang,4/9/22,2,Active
2046,Tran Minh Khanh,5/27/21,1,Active
2047,Nguyen Manh Linh,3/12/24,3,Left
2048,Nguyen Tuan Quyen,9/11/20,2,Active
2049,Do Phuong An,11/29/21,3,Active
2050,Huynh Tuan Lan,10/2/23,2,Active
2051,Pham Manh Quyen,10/8/24,3,Left
2052,Do Ngoc Phuc,1/3/24,2,Active
2053,Tran Manh Tung,11/11/22,3,Active
2054,Nguyen Huu Trang,11/23/23,3,Left
2055,Hoang Manh Trang,11/22/23,2,Left
2056,Pham Van Hang,6/4/23,1,Left
2057,Le Van Nga,9/4/23,3,Active
2058,Nguyen Minh Binh,2/3/23,2,Active
2059,Huynh Manh Mai,10/5/21,2,Left
2060,Bui Thi Binh,11/15/20,3,Active
2061,Tran Ngoc Hang,8/13/22,3,Left
2062,Le Quang Tung,10/7/23,3,Active
2063,Huynh Manh Trang,9/27/22,1,Left
2064,Le Tuan Tuan,12/20/20,3,Active
2065,Bui Van Chau,9/10/24,3,Active
2066,Hoang Thanh Nga,7/2/23,1,Left
2067,Dang Thi Phat,7/14/24,1,Left
2068,Vo Thi Mai,3/4/24,3,Left
2069,Do Minh Dung,12/22/21,2,Active
2070,Hoang Thanh Son,6/10/25,3,Active
2071,Dang Phuong Khanh,5/6/22,3,Active
2072,Pham Manh Binh,10/13/21,2,Left
2073,Tran Manh Son,5/25/23,3,Left
2074,Tran Tuan Tung,10/19/20,3,Active
2075,Hoang Ngoc Tung,12/5/20,3,Active
2076,Bui Quang Son,3/5/22,1,Left
2077,Huynh Manh Nga,4/3/25,1,Active
2078,Le Manh Tuan,9/24/21,2,Active
2079,Do Phuong Quyen,7/11/24,1,Active
2080,Do Minh Tung,1/5/21,3,Left
2081,Pham Quang Khanh,8/4/20,2,Active
2082,Nguyen Thi An,5/4/25,2,Active
2083,Do Thi Khanh,8/27/23,3,Left
2084,Huynh Ngoc Phat,10/11/23,2,Active
2085,Nguyen Thanh Nga,4/22/25,3,Active
2086,Vo Huu An,5/11/23,2,Active
2087,Pham Quang Linh,5/24/25,3,Active
2088,Tran Quang Mai,11/13/20,2,Left
2089,Vo Phuong Nam,10/20/24,3,Active
2090,Nguyen Thi Nam,6/4/21,1,Active
2091,Bui Ngoc Tuan,11/24/23,3,Left
2092,Huynh Van Hang,1/12/24,2,Active
2093,Pham Thanh Nam,1/15/22,1,Left
2094,Do Tuan Binh,8/24/21,3,Left
2095,Le Tuan Giang,5/2/22,3,Left
2096,Do Phuong Nam,11/29/23,3,Left
2097,Do Ngoc Binh,5/11/25,1,Left
2098,Vo Quang Tuan,1/10/22,1,Active
2099,Bui Phuong Trang,10/4/23,3,Active
2100,Nguyen Huu Tuan,2/9/22,3,Left
2101,Bui Thanh Chau,2/22/21,2,Left
2102,Le Quang An,7/14/22,2,Active
2103,Bui Ngoc Trang,,1,Left
2104,Le Manh Tung,3/10/23,2,Active
2105,Dang Minh Tung,2/7/21,1,Active
2106,Tran Quang Nam,9/16/24,1,Left
2107,Nguyen Quang Phat,3/7/23,3,Left
2108,Tran Tuan Lan,2/20/24,3,Left
2109,Bui Tuan Mai,2/13/24,1,Active
2110,Pham Phuong Mai,2/24/25,3,Left
2111,Le Thi Nga,7/1/20,3,Left
2112,Nguyen Huu Chau,5/14/21,1,Active
2113,Do Phuong An,12/22/24,3,Left
2114,Do Phuong Giang,3/20/24,3,Active
2115,Pham Thanh Quyen,11/19/22,2,Left
2116,Vo Quang Nam,12/6/24,3,Left
2117,Le Thi Son,1/10/22,3,Left
2118,Le Huu Binh,7/25/21,3,Left
2119,Do Ngoc Son,12/9/22,3,Left
2120,Tran Van Mai,12/7/23,2,Left
2121,Nguyen Manh Chau,12/5/20,3,Active
2122,Bui Tuan Binh,1/9/25,2,Active
2123,Tran Phuong Mai,8/16/23,3,Left
2124,Nguyen Manh Mai,7/25/20,3,Left
2125,Pham Thanh Khanh,1/22/21,3,Active
2126,Pham Quang Linh,7/6/20,3,Left
2127,Vo Thanh Phuc,9/2/22,3,Left
2128,Tran Quang Giang,4/9/24,3,Active
2129,Le Quang Dung,2/17/22,3,Left
2130,Nguyen Manh Trang,,3,Active
2131,Vo Thi Khanh,3/28/21,1,Active
2132,Vo Thanh Trang,11/12/24,1,Active
2133,Bui Quang Giang,10/15/22,3,Left
2134,Hoang Manh Lan,8/3/21,2,Left
2135,Le Thi Mai,10/27/23,2,Active
2136,Huynh Thanh Trang,9/22/22,2,Left
2137,Do Van Giang,5/26/23,2,Left
2138,Nguyen Tuan Binh,1/2/22,2,Active
2139,Tran Ngoc Binh,10/2/24,3,Left
2140,Tran Ngoc Ngoc,8/4/23,3,Active
2141,Le Manh Tuan,2/1/24,3,Active
2142,Do Manh Nga,8/18/24,1,Left
2143,Hoang Thanh Khanh,,1,Left
2144,Vo Thi Phuc,1/22/21,3,Active
2145,Huynh Minh Chau,10/30/24,3,Left
2146,Do Thi Phuc,12/23/23,3,Active
2147,Hoang Tuan Quyen,3/20/22,1,Active
2148,Pham Huu Giang,5/26/24,2,Active
2149,Huynh Quang Nga,5/26/25,2,Active
2150,Dang Minh Nam,6/4/23,3,Active
2151,Bui Tuan Quyen,11/16/23,2,Active
2152,Nguyen Thi Quyen,11/16/20,3,Left
2153,Tran Thanh Quyen,,1,Active
2154,Do Minh Mai,1/6/25,1,Active
2155,Bui Manh Tuan,10/1/22,1,Left
2156,Le Phuong Dung,5/6/23,2,Active
2157,Dang Thi Nam,9/1/20,2,Left
2158,Vo Thi Mai,4/30/24,1,Left
2159,Vo Tuan Ngoc,8/14/22,3,Left
2160,Huynh Ngoc Lan,6/14/23,1,Left
2161,Huynh Huu Trang,10/22/23,2,Left
2162,Le Tuan Ngoc,,1,Active
2163,Tran Thanh Khanh,,1,Left
2164,Huynh Ngoc Phat,9/9/21,2,Active
2165,Huynh Thanh Trang,6/18/21,3,Left
2166,Pham Minh Chau,4/27/21,3,Active
2167,Huynh Tuan Dung,11/9/23,3,Left
2168,Huynh Manh Phuc,7/7/24,3,Left
2169,Bui Phuong Dung,5/10/21,3,Left
2170,Do Minh Mai,10/28/21,2,Active
2171,Dang Thi Tung,12/8/23,3,Left
2172,Tran Manh Ngoc,8/17/20,1,Left
2173,Bui Tuan Binh,4/4/21,3,Active
2174,Tran Huu Giang,11/28/23,2,Left
2175,Huynh Van Giang,2/7/24,3,Left
2176,Le Tuan Trang,5/11/24,3,Active
2177,Hoang Ngoc Tung,7/22/22,3,Active
2178,Huynh Tuan Khanh,10/29/20,3,Active
2179,Pham Thanh Mai,12/25/22,1,Left
2180,Huynh Quang Phat,7/2/24,1,Left
2181,Bui Thi Tuan,10/26/20,2,Active
2182,Nguyen Manh Son,3/17/24,3,Left
2183,Dang Minh Mai,6/13/23,3,Active
2184,Nguyen Thanh Trang,12/27/23,1,Active
2185,Nguyen Van Trang,11/25/23,3,Left
2186,Bui Thi Mai,4/4/25,3,Active
2187,Nguyen Huu Phat,12/9/24,3,Active
2188,Huynh Ngoc Nam,10/23/20,3,Left
2189,Dang Ngoc Ngoc,2/23/22,3,Active
2190,Dang Phuong Khanh,8/28/22,2,Active
2191,Le Tuan Giang,,2,Active
2192,Pham Phuong Ngoc,5/24/25,3,Left
2193,Bui Ngoc Giang,1/11/23,2,Active
2194,Hoang Minh Giang,6/14/22,3,Active
2195,Nguyen Thi An,2/17/21,3,Active
2196,Le Tuan Phat,12/28/20,1,Active
2197,Le Thi Giang,6/23/21,3,Left
2198,Dang Tuan Tung,,1,Active
2199,Dang Manh Hang,1/24/24,,Left
2200,Do Phuong Phat,2/22/21,1,Left
,,,,
,,,,